Project Key,Ticket,Ticket URL,Ticket Description,Status,Created,Age,Runbook Present,Category of Issue,Category,Rules Used,Categorization Source,LLM Confidence,Human Audit for Accuracy,Human Audit Guidance,Human Comments
HPC,HPC-108032,https://jira-sd.mc1.oracleiaas.com/browse/HPC-108032,AGA | ad1 | CPV Job Failure | BM.GPU.MI355X.8 | health_check,Resolved,2026-02-10,5,FALSE,uncategorized,unknown,,none,,needs-review,Before audit use pending-review or needs-review. After audit set correct or incorrect.,
HPC,HPC-108033,https://jira-sd.mc1.oracleiaas.com/browse/HPC-108033,AGA | ad1 | CPV Job Failure | BM.GPU.MI355X.8 | initial_setup,Resolved,2026-02-10,5,FALSE,uncategorized,unknown,,none,,needs-review,Before audit use pending-review or needs-review. After audit set correct or incorrect.,
HPC,HPC-108035,https://jira-sd.mc1.oracleiaas.com/browse/HPC-108035,AGA | ad1 | CPV Job Failure | BM.GPU.MI355X.8 | miniHPL,Resolved,2026-02-10,5,FALSE,uncategorized,unknown,,none,,needs-review,Before audit use pending-review or needs-review. After audit set correct or incorrect.,
HPC,HPC-108036,https://jira-sd.mc1.oracleiaas.com/browse/HPC-108036,AGA | ad1 | CPV Job Failure | BM.GPU.MI355X.8 | initial_setup,Resolved,2026-02-10,5,FALSE,uncategorized,unknown,,none,,needs-review,Before audit use pending-review or needs-review. After audit set correct or incorrect.,
HPC,HPC-108037,https://jira-sd.mc1.oracleiaas.com/browse/HPC-108037,AGA | ad1 | CPV Job Failure | BM.GPU.MI355X.8 | ib_write_bw_pair,Resolved,2026-02-10,5,FALSE,CPV CDFP Fault - Auto Resolved (TRS),CDFP,"R045,R047,R048,R049,R050",rule,1.0,pending-review,Before audit use pending-review or needs-review. After audit set correct or incorrect.,
HPC,HPC-108063,https://jira-sd.mc1.oracleiaas.com/browse/HPC-108063,AGA | ad1 | CPV Job Failure | BM.GPU.MI355X.8 | agfhc_level_1_to_5,Resolved,2026-02-10,5,FALSE,uncategorized,unknown,,none,,needs-review,Before audit use pending-review or needs-review. After audit set correct or incorrect.,
HPC,HPC-108064,https://jira-sd.mc1.oracleiaas.com/browse/HPC-108064,AGA | ad1 | CPV Job Timeout | BM.GPU.MI355X.8 | ib_write_bw_pair,Resolved,2026-02-10,5,FALSE,uncategorized,unknown,,none,,needs-review,Before audit use pending-review or needs-review. After audit set correct or incorrect.,
HPC,HPC-108066,https://jira-sd.mc1.oracleiaas.com/browse/HPC-108066,AGA | ad1 | CPV Job Timeout | BM.GPU.MI355X.8 | ib_write_bw_pair,Resolved,2026-02-10,5,FALSE,uncategorized,unknown,,none,,needs-review,Before audit use pending-review or needs-review. After audit set correct or incorrect.,
HPC,HPC-108067,https://jira-sd.mc1.oracleiaas.com/browse/HPC-108067,FYV | 19506 | 2546XQ106H | 2602XK10K0 | SUNVTS test failure,Resolved,2026-02-10,5,FALSE,Potential Test Issue - Retest Passed,Potential Test Issue,R046,rule,1.0,pending-review,Before audit use pending-review or needs-review. After audit set correct or incorrect.,
HPC,HPC-108070,https://jira-sd.mc1.oracleiaas.com/browse/HPC-108070,AGA | 2544XQ10CD | Meta CPV Validation Analysis,Resolved,2026-02-10,5,FALSE,uncategorized,unknown,,none,,needs-review,Before audit use pending-review or needs-review. After audit set correct or incorrect.,
HPC,HPC-108091,https://jira-sd.mc1.oracleiaas.com/browse/HPC-108091,FYV | ad1 | CPV Job Failure | BM.GPU.MI355X.8 | initial_setup,Resolved,2026-02-10,5,FALSE,uncategorized,unknown,,none,,needs-review,Before audit use pending-review or needs-review. After audit set correct or incorrect.,
HPC,HPC-108092,https://jira-sd.mc1.oracleiaas.com/browse/HPC-108092,FYV | ad1 | CPV Job Failure | BM.GPU.MI355X.8 | agfhc_level_1_to_5,Resolved,2026-02-10,5,FALSE,Potential Test Issue - Retest Passed,Potential Test Issue,R046,rule,1.0,pending-review,Before audit use pending-review or needs-review. After audit set correct or incorrect.,
HPC,HPC-108099,https://jira-sd.mc1.oracleiaas.com/browse/HPC-108099,FYV | ad1 | CPV Job Failure | BM.GPU.MI355X.8 | cable_validation,Resolved,2026-02-10,5,FALSE,uncategorized,unknown,,none,,needs-review,Before audit use pending-review or needs-review. After audit set correct or incorrect.,
HPC,HPC-108100,https://jira-sd.mc1.oracleiaas.com/browse/HPC-108100,FYV | ad1 | CPV Job Failure | BM.GPU.MI355X.8 | cable_validation,Resolved,2026-02-10,5,FALSE,uncategorized,unknown,,none,,needs-review,Before audit use pending-review or needs-review. After audit set correct or incorrect.,
HPC,HPC-108101,https://jira-sd.mc1.oracleiaas.com/browse/HPC-108101,FYV | ad1 | CPV Job Failure | BM.GPU.MI355X.8 | cable_validation,Resolved,2026-02-10,5,FALSE,uncategorized,unknown,,none,,needs-review,Before audit use pending-review or needs-review. After audit set correct or incorrect.,
HPC,HPC-108106,https://jira-sd.mc1.oracleiaas.com/browse/HPC-108106,AGA | ad1 | CPV Job Timeout | BM.GPU.MI355X.8 | ib_write_bw_pair,Resolved,2026-02-10,5,FALSE,uncategorized,unknown,,none,,needs-review,Before audit use pending-review or needs-review. After audit set correct or incorrect.,
HPC,HPC-108107,https://jira-sd.mc1.oracleiaas.com/browse/HPC-108107,AGA | ad1 | CPV Job Timeout | BM.GPU.MI355X.8 | ib_write_bw_pair,Resolved,2026-02-10,5,FALSE,uncategorized,unknown,,none,,needs-review,Before audit use pending-review or needs-review. After audit set correct or incorrect.,
HPC,HPC-108108,https://jira-sd.mc1.oracleiaas.com/browse/HPC-108108,AGA | ad1 | CPV Job Failure | BM.GPU.MI355X.8 | ib_write_bw_pair,Resolved,2026-02-10,5,FALSE,CPV CDFP Fault - Auto Resolved (TRS),CDFP,"R045,R047,R048,R049,R050",rule,1.0,pending-review,Before audit use pending-review or needs-review. After audit set correct or incorrect.,
HPC,HPC-108110,https://jira-sd.mc1.oracleiaas.com/browse/HPC-108110,AGA | ad1 | CPV Job Failure | BM.GPU.MI355X.8 | initial_setup,Resolved,2026-02-10,5,FALSE,uncategorized,unknown,,none,,needs-review,Before audit use pending-review or needs-review. After audit set correct or incorrect.,
HPC,HPC-108111,https://jira-sd.mc1.oracleiaas.com/browse/HPC-108111,AGA | ad1 | CPV Job Failure | BM.GPU.MI355X.8 | initial_setup,Resolved,2026-02-10,5,FALSE,uncategorized,unknown,,none,,needs-review,Before audit use pending-review or needs-review. After audit set correct or incorrect.,
HPC,HPC-108114,https://jira-sd.mc1.oracleiaas.com/browse/HPC-108114,AGA | ad1 | CPV Job Failure | BM.GPU.MI355X.8 | health_check,Resolved,2026-02-10,5,FALSE,uncategorized,unknown,,none,,needs-review,Before audit use pending-review or needs-review. After audit set correct or incorrect.,
HPC,HPC-108115,https://jira-sd.mc1.oracleiaas.com/browse/HPC-108115,AGA | ad1 | CPV Job Failure | BM.GPU.MI355X.8 | initial_setup,Resolved,2026-02-10,5,FALSE,CPV CDFP Fault - Auto Resolved (TRS),CDFP,"R045,R047,R048,R049,R050",rule,1.0,pending-review,Before audit use pending-review or needs-review. After audit set correct or incorrect.,
HPC,HPC-108116,https://jira-sd.mc1.oracleiaas.com/browse/HPC-108116,AGA | ad1 | CPV Job Timeout | BM.GPU.MI355X.8 | initial_setup,Resolved,2026-02-10,5,FALSE,uncategorized,unknown,,none,,needs-review,Before audit use pending-review or needs-review. After audit set correct or incorrect.,
HPC,HPC-108124,https://jira-sd.mc1.oracleiaas.com/browse/HPC-108124,AGA | ad1 | CPV Job Failure | BM.GPU.MI355X.8 | cable_validation,Resolved,2026-02-10,5,FALSE,uncategorized,unknown,,none,,needs-review,Before audit use pending-review or needs-review. After audit set correct or incorrect.,
HPC,HPC-108126,https://jira-sd.mc1.oracleiaas.com/browse/HPC-108126,AGA | ad1 | CPV Job Failure | BM.GPU.MI355X.8 | ib_write_bw_pair,Resolved,2026-02-10,5,FALSE,CPV CDFP Fault - Auto Resolved (TRS),CDFP,"R045,R047,R048,R049,R050",rule,1.0,pending-review,Before audit use pending-review or needs-review. After audit set correct or incorrect.,
HPC,HPC-108127,https://jira-sd.mc1.oracleiaas.com/browse/HPC-108127,AGA | ad1 | CPV Job Failure | BM.GPU.MI355X.8 | health_check,Resolved,2026-02-10,5,FALSE,CPV CDFP Fault - Auto Resolved (TRS),CDFP,"R045,R047,R048,R049,R050",rule,1.0,pending-review,Before audit use pending-review or needs-review. After audit set correct or incorrect.,
HPC,HPC-108128,https://jira-sd.mc1.oracleiaas.com/browse/HPC-108128,AGA | ad1 | CPV Job Failure | BM.GPU.MI355X.8 | health_check,Resolved,2026-02-10,5,FALSE,uncategorized,unknown,,none,,needs-review,Before audit use pending-review or needs-review. After audit set correct or incorrect.,
HPC,HPC-108130,https://jira-sd.mc1.oracleiaas.com/browse/HPC-108130,AGA | ad1 | CPV Job Failure | BM.GPU.MI355X.8 | agfhc_level_1_to_5,Resolved,2026-02-10,5,FALSE,uncategorized,unknown,,none,,needs-review,Before audit use pending-review or needs-review. After audit set correct or incorrect.,
HPC,HPC-108133,https://jira-sd.mc1.oracleiaas.com/browse/HPC-108133,AGA | ad1 | CPV Job Timeout | BM.GPU.MI355X.8 | ib_write_bw_pair,Resolved,2026-02-10,5,FALSE,uncategorized,unknown,,none,,needs-review,Before audit use pending-review or needs-review. After audit set correct or incorrect.,
HPC,HPC-108138,https://jira-sd.mc1.oracleiaas.com/browse/HPC-108138,AGA | ad1 | CPV Job Failure | BM.GPU.MI355X.8 | initial_setup,Resolved,2026-02-10,5,FALSE,uncategorized,unknown,,none,,needs-review,Before audit use pending-review or needs-review. After audit set correct or incorrect.,
HPC,HPC-108139,https://jira-sd.mc1.oracleiaas.com/browse/HPC-108139,AGA | ad1 | CPV Job Failure | BM.GPU.MI355X.8 | health_check,Resolved,2026-02-10,5,FALSE,CPV CDFP Fault - Auto Resolved (TRS),CDFP,"R045,R047,R048,R049,R050",rule,1.0,pending-review,Before audit use pending-review or needs-review. After audit set correct or incorrect.,
HPC,HPC-108140,https://jira-sd.mc1.oracleiaas.com/browse/HPC-108140,AGA | ad1 | CPV Job Failure | BM.GPU.MI355X.8 | initial_setup,Resolved,2026-02-10,5,FALSE,CPV CDFP Fault - Auto Resolved (TRS),CDFP,"R045,R047,R048,R049,R050",rule,1.0,pending-review,Before audit use pending-review or needs-review. After audit set correct or incorrect.,
HPC,HPC-108141,https://jira-sd.mc1.oracleiaas.com/browse/HPC-108141,AGA | ad1 | CPV Job Failure | BM.GPU.MI355X.8 | health_check,Resolved,2026-02-10,5,FALSE,uncategorized,unknown,,none,,needs-review,Before audit use pending-review or needs-review. After audit set correct or incorrect.,
HPC,HPC-108142,https://jira-sd.mc1.oracleiaas.com/browse/HPC-108142,AGA | ad1 | CPV Job Failure | BM.GPU.MI355X.8 | iperf_pair,Resolved,2026-02-10,5,FALSE,CPV CDFP Fault - Auto Resolved (TRS),CDFP,"R045,R047,R048,R049,R050",rule,1.0,pending-review,Before audit use pending-review or needs-review. After audit set correct or incorrect.,
HPC,HPC-108143,https://jira-sd.mc1.oracleiaas.com/browse/HPC-108143,AGA | ad1 | CPV Job Failure | BM.GPU.MI355X.8 | health_check,Resolved,2026-02-10,5,FALSE,uncategorized,unknown,,none,,needs-review,Before audit use pending-review or needs-review. After audit set correct or incorrect.,
HPC,HPC-108145,https://jira-sd.mc1.oracleiaas.com/browse/HPC-108145,AGA | ad1 | CPV Job Timeout | BM.GPU.MI355X.8 | ib_write_bw_pair,Resolved,2026-02-10,5,FALSE,uncategorized,unknown,,none,,needs-review,Before audit use pending-review or needs-review. After audit set correct or incorrect.,
HPC,HPC-108146,https://jira-sd.mc1.oracleiaas.com/browse/HPC-108146,AGA | ad1 | CPV Job Timeout | BM.GPU.MI355X.8 | ib_write_bw_pair,Resolved,2026-02-10,5,FALSE,CPV CDFP Fault - Auto Resolved (TRS),CDFP,"R045,R047,R048,R049,R050",rule,1.0,pending-review,Before audit use pending-review or needs-review. After audit set correct or incorrect.,
HPC,HPC-108147,https://jira-sd.mc1.oracleiaas.com/browse/HPC-108147,AGA | ad1 | CPV Job Timeout | BM.GPU.MI355X.8 | agfhc_hbm_8h,Resolved,2026-02-10,5,FALSE,uncategorized,unknown,,none,,needs-review,Before audit use pending-review or needs-review. After audit set correct or incorrect.,
HPC,HPC-108149,https://jira-sd.mc1.oracleiaas.com/browse/HPC-108149,AGA | ad1 | CPV Job Timeout | BM.GPU.MI355X.8 | ib_write_bw_pair,Resolved,2026-02-10,5,FALSE,uncategorized,unknown,,none,,needs-review,Before audit use pending-review or needs-review. After audit set correct or incorrect.,
HPC,HPC-108150,https://jira-sd.mc1.oracleiaas.com/browse/HPC-108150,AGA | ad1 | CPV Job Timeout | BM.GPU.MI355X.8 | ib_write_bw_pair,Resolved,2026-02-10,5,FALSE,uncategorized,unknown,,none,,needs-review,Before audit use pending-review or needs-review. After audit set correct or incorrect.,
HPC,HPC-108151,https://jira-sd.mc1.oracleiaas.com/browse/HPC-108151,AGA | ad1 | CPV Job Timeout | BM.GPU.MI355X.8 | ib_write_bw_pair,Resolved,2026-02-10,5,FALSE,CPV CDFP Fault - Auto Resolved (TRS),CDFP,"R045,R047,R048,R049,R050",rule,1.0,pending-review,Before audit use pending-review or needs-review. After audit set correct or incorrect.,
HPC,HPC-108152,https://jira-sd.mc1.oracleiaas.com/browse/HPC-108152,AGA | ad1 | CPV Job Timeout | BM.GPU.MI355X.8 | ib_write_bw_pair,Resolved,2026-02-10,5,FALSE,CPV CDFP Fault - Auto Resolved (TRS),CDFP,"R045,R047,R048,R049,R050",rule,1.0,pending-review,Before audit use pending-review or needs-review. After audit set correct or incorrect.,
HPC,HPC-108153,https://jira-sd.mc1.oracleiaas.com/browse/HPC-108153,AGA | ad1 | CPV Job Timeout | BM.GPU.MI355X.8 | ib_write_bw_pair,Resolved,2026-02-10,5,FALSE,CPV CDFP Fault - Auto Resolved (TRS),CDFP,"R045,R047,R048,R049,R050",rule,1.0,pending-review,Before audit use pending-review or needs-review. After audit set correct or incorrect.,
HPC,HPC-108156,https://jira-sd.mc1.oracleiaas.com/browse/HPC-108156,AGA | ad1 | CPV Job Timeout | BM.GPU.MI355X.8 | ib_write_bw_pair,Resolved,2026-02-10,5,FALSE,CPV CDFP Fault - Auto Resolved (TRS),CDFP,"R045,R047,R048,R049,R050",rule,1.0,pending-review,Before audit use pending-review or needs-review. After audit set correct or incorrect.,
HPC,HPC-108157,https://jira-sd.mc1.oracleiaas.com/browse/HPC-108157,AGA | ad1 | CPV Job Timeout | BM.GPU.MI355X.8 | agfhc_level_1_to_5,Resolved,2026-02-10,5,FALSE,uncategorized,unknown,,none,,needs-review,Before audit use pending-review or needs-review. After audit set correct or incorrect.,
HPC,HPC-108158,https://jira-sd.mc1.oracleiaas.com/browse/HPC-108158,AGA | ad1 | CPV Job Failure | BM.GPU.MI355X.8 | miniHPL,Resolved,2026-02-10,5,FALSE,uncategorized,unknown,,none,,needs-review,Before audit use pending-review or needs-review. After audit set correct or incorrect.,
HPC,HPC-108159,https://jira-sd.mc1.oracleiaas.com/browse/HPC-108159,AGA | ad1 | CPV Job Failure | BM.GPU.MI355X.8 | agfhc_level_1_to_5,Resolved,2026-02-10,5,FALSE,CPV CDFP Fault - Auto Resolved (TRS),CDFP,"R045,R047,R048,R049,R050",rule,1.0,pending-review,Before audit use pending-review or needs-review. After audit set correct or incorrect.,
HPC,HPC-108161,https://jira-sd.mc1.oracleiaas.com/browse/HPC-108161,AGA | 2551XQ10D3 | Meta CPV Validation Analysis,Resolved,2026-02-10,5,FALSE,uncategorized,unknown,,none,,needs-review,Before audit use pending-review or needs-review. After audit set correct or incorrect.,
HPC,HPC-108162,https://jira-sd.mc1.oracleiaas.com/browse/HPC-108162,AGA | ad1 | CPV Job Timeout | BM.GPU.MI355X.8 | agfhc_level_1_to_5,Resolved,2026-02-10,5,FALSE,uncategorized,unknown,,none,,needs-review,Before audit use pending-review or needs-review. After audit set correct or incorrect.,
HPC,HPC-108164,https://jira-sd.mc1.oracleiaas.com/browse/HPC-108164,AGA | ad1 | CPV Job Timeout | BM.GPU.MI355X.8 | agfhc_level_1_to_5,Resolved,2026-02-10,5,FALSE,uncategorized,unknown,,none,,needs-review,Before audit use pending-review or needs-review. After audit set correct or incorrect.,
HPC,HPC-108165,https://jira-sd.mc1.oracleiaas.com/browse/HPC-108165,AGA | ad1 | CPV Job Timeout | BM.GPU.MI355X.8 | agfhc_level_1_to_5,Resolved,2026-02-10,5,FALSE,CPV CDFP Fault - Auto Resolved (TRS),CDFP,"R045,R047,R048,R049,R050",rule,1.0,pending-review,Before audit use pending-review or needs-review. After audit set correct or incorrect.,
HPC,HPC-108166,https://jira-sd.mc1.oracleiaas.com/browse/HPC-108166,AGA | ad1 | CPV Job Failure | BM.GPU.MI355X.8 | initial_setup,Resolved,2026-02-10,5,FALSE,Potential Test Issue - Retest Passed,Potential Test Issue,R046,rule,1.0,pending-review,Before audit use pending-review or needs-review. After audit set correct or incorrect.,
HPC,HPC-108167,https://jira-sd.mc1.oracleiaas.com/browse/HPC-108167,FYV | ad1 | CPV Job Failure | BM.GPU.MI355X.8 | agfhc_level_1_to_5,Resolved,2026-02-10,5,FALSE,Potential Test Issue - Retest Passed,Potential Test Issue,R046,rule,1.0,pending-review,Before audit use pending-review or needs-review. After audit set correct or incorrect.,
HPC,HPC-108174,https://jira-sd.mc1.oracleiaas.com/browse/HPC-108174,AGA | ad1 | CPV Job Failure | BM.GPU.MI355X.8 | health_check,Resolved,2026-02-10,5,FALSE,CPV CDFP Fault - Auto Resolved (TRS),CDFP,"R045,R047,R048,R049,R050",rule,1.0,pending-review,Before audit use pending-review or needs-review. After audit set correct or incorrect.,
HPC,HPC-108178,https://jira-sd.mc1.oracleiaas.com/browse/HPC-108178,AGA | ad1 | CPV Job Timeout | BM.GPU.MI355X.8 | agfhc_hbm_8h,Resolved,2026-02-10,5,FALSE,uncategorized,unknown,,none,,needs-review,Before audit use pending-review or needs-review. After audit set correct or incorrect.,
HPC,HPC-108179,https://jira-sd.mc1.oracleiaas.com/browse/HPC-108179,FYV | ad1 | CPV Job Failure | BM.GPU.MI355X.8 | agfhc_level_1_to_5,Resolved,2026-02-10,5,FALSE,uncategorized,unknown,,none,,needs-review,Before audit use pending-review or needs-review. After audit set correct or incorrect.,
HPC,HPC-108180,https://jira-sd.mc1.oracleiaas.com/browse/HPC-108180,AGA | ad1 | CPV Job Failure | BM.GPU.MI355X.8 | iperf_pair,Resolved,2026-02-10,5,FALSE,uncategorized,unknown,,none,,needs-review,Before audit use pending-review or needs-review. After audit set correct or incorrect.,
HPC,HPC-108181,https://jira-sd.mc1.oracleiaas.com/browse/HPC-108181,AGA | ad1 | CPV Job Failure | BM.GPU.MI355X.8 | initial_setup,Resolved,2026-02-10,5,FALSE,uncategorized,unknown,,none,,needs-review,Before audit use pending-review or needs-review. After audit set correct or incorrect.,
HPC,HPC-108182,https://jira-sd.mc1.oracleiaas.com/browse/HPC-108182,AGA | ad1 | CPV Job Failure | BM.GPU.MI355X.8 | initial_setup,Resolved,2026-02-10,5,FALSE,uncategorized,unknown,,none,,needs-review,Before audit use pending-review or needs-review. After audit set correct or incorrect.,
HPC,HPC-108183,https://jira-sd.mc1.oracleiaas.com/browse/HPC-108183,AGA | ad1 | CPV Job Timeout | BM.GPU.MI355X.8 | ib_write_bw_pair,Resolved,2026-02-10,5,FALSE,uncategorized,unknown,,none,,needs-review,Before audit use pending-review or needs-review. After audit set correct or incorrect.,
HPC,HPC-108184,https://jira-sd.mc1.oracleiaas.com/browse/HPC-108184,AGA | ad1 | CPV Job Timeout | BM.GPU.MI355X.8 | ib_write_bw_pair,Resolved,2026-02-10,5,FALSE,uncategorized,unknown,,none,,needs-review,Before audit use pending-review or needs-review. After audit set correct or incorrect.,
HPC,HPC-108187,https://jira-sd.mc1.oracleiaas.com/browse/HPC-108187,AGA | ad1 | CPV Job Timeout | BM.GPU.MI355X.8 | ib_write_bw_pair,Resolved,2026-02-10,5,FALSE,CPV CDFP Fault - Auto Resolved (TRS),CDFP,"R045,R047,R048,R049,R050",rule,1.0,pending-review,Before audit use pending-review or needs-review. After audit set correct or incorrect.,
HPC,HPC-108194,https://jira-sd.mc1.oracleiaas.com/browse/HPC-108194,AGA | ad1 | CPV Job Failure | BM.GPU.MI355X.8 | health_check,Resolved,2026-02-10,5,FALSE,CPV CDFP Fault - Auto Resolved (TRS),CDFP,"R045,R047,R048,R049,R050",rule,1.0,pending-review,Before audit use pending-review or needs-review. After audit set correct or incorrect.,
HPC,HPC-108195,https://jira-sd.mc1.oracleiaas.com/browse/HPC-108195,FYV | ad1 | CPV Job Failure | BM.GPU.MI355X.8 | agfhc_level_1_to_5,Resolved,2026-02-10,5,FALSE,CPV CDFP Fault - Auto Resolved (TRS),CDFP,"R045,R047,R048,R049,R050",rule,1.0,pending-review,Before audit use pending-review or needs-review. After audit set correct or incorrect.,
HPC,HPC-108196,https://jira-sd.mc1.oracleiaas.com/browse/HPC-108196,AGA | ad1 | CPV Job Timeout | BM.GPU.MI355X.8 | ib_write_bw_pair,Resolved,2026-02-10,5,FALSE,CPV CDFP Fault - Auto Resolved (TRS),CDFP,"R045,R047,R048,R049,R050",rule,1.0,pending-review,Before audit use pending-review or needs-review. After audit set correct or incorrect.,
HPC,HPC-108197,https://jira-sd.mc1.oracleiaas.com/browse/HPC-108197,AGA | ad1 | CPV Job Timeout | BM.GPU.MI355X.8 | ib_write_bw_pair,Resolved,2026-02-10,5,FALSE,uncategorized,unknown,,none,,needs-review,Before audit use pending-review or needs-review. After audit set correct or incorrect.,
HPC,HPC-108199,https://jira-sd.mc1.oracleiaas.com/browse/HPC-108199,AGA | ad1 | CPV Job Failure | BM.GPU.MI355X.8 | ib_write_bw_pair,Resolved,2026-02-10,5,FALSE,CPV CDFP Fault - Auto Resolved (TRS),CDFP,"R045,R047,R048,R049,R050",rule,1.0,pending-review,Before audit use pending-review or needs-review. After audit set correct or incorrect.,
HPC,HPC-108201,https://jira-sd.mc1.oracleiaas.com/browse/HPC-108201,AGA | ad1 | CPV Job Timeout | BM.GPU.MI355X.8 | ib_write_bw_pair,Resolved,2026-02-10,5,FALSE,uncategorized,unknown,,none,,needs-review,Before audit use pending-review or needs-review. After audit set correct or incorrect.,
HPC,HPC-108202,https://jira-sd.mc1.oracleiaas.com/browse/HPC-108202,AGA | ad1 | CPV Job Timeout | BM.GPU.MI355X.8 | ib_write_bw_pair,Resolved,2026-02-10,5,FALSE,uncategorized,unknown,,none,,needs-review,Before audit use pending-review or needs-review. After audit set correct or incorrect.,
HPC,HPC-108203,https://jira-sd.mc1.oracleiaas.com/browse/HPC-108203,AGA | ad1 | CPV Job Timeout | BM.GPU.MI355X.8 | ib_write_bw_pair,Resolved,2026-02-10,5,FALSE,CPV CDFP Fault - Auto Resolved (TRS),CDFP,"R045,R047,R048,R049,R050",rule,1.0,pending-review,Before audit use pending-review or needs-review. After audit set correct or incorrect.,
HPC,HPC-108208,https://jira-sd.mc1.oracleiaas.com/browse/HPC-108208,AGA | ad1 | CPV Job Failure | BM.GPU.MI355X.8 | initial_setup,Resolved,2026-02-10,4,FALSE,uncategorized,unknown,,none,,needs-review,Before audit use pending-review or needs-review. After audit set correct or incorrect.,
HPC,HPC-108209,https://jira-sd.mc1.oracleiaas.com/browse/HPC-108209,AGA | ad1 | CPV Job Failure | BM.GPU.MI355X.8 | initial_setup,Resolved,2026-02-10,4,FALSE,uncategorized,unknown,,none,,needs-review,Before audit use pending-review or needs-review. After audit set correct or incorrect.,
HPC,HPC-108210,https://jira-sd.mc1.oracleiaas.com/browse/HPC-108210,AGA | ad1 | CPV Job Timeout | BM.GPU.MI355X.8 | ib_write_bw_pair,Resolved,2026-02-10,4,FALSE,CPV CDFP Fault - Auto Resolved (TRS),CDFP,"R045,R047,R048,R049,R050",rule,1.0,pending-review,Before audit use pending-review or needs-review. After audit set correct or incorrect.,
HPC,HPC-108211,https://jira-sd.mc1.oracleiaas.com/browse/HPC-108211,FYV | ad1 | CPV Job Failure | BM.GPU.MI355X.8 | agfhc_level_1_to_5,Resolved,2026-02-10,4,FALSE,CPV CDFP Fault - Auto Resolved (TRS),CDFP,"R045,R047,R048,R049,R050",rule,1.0,pending-review,Before audit use pending-review or needs-review. After audit set correct or incorrect.,
HPC,HPC-108218,https://jira-sd.mc1.oracleiaas.com/browse/HPC-108218,AGA | ad1 | CPV Job Timeout | BM.GPU.MI355X.8 | ib_write_bw_pair,Resolved,2026-02-10,4,FALSE,uncategorized,unknown,,none,,needs-review,Before audit use pending-review or needs-review. After audit set correct or incorrect.,
HPC,HPC-108219,https://jira-sd.mc1.oracleiaas.com/browse/HPC-108219,AGA | ad1 | CPV Job Timeout | BM.GPU.MI355X.8 | ib_write_bw_pair,Resolved,2026-02-10,4,FALSE,CPV CDFP Fault - Auto Resolved (TRS),CDFP,"R045,R047,R048,R049,R050",rule,1.0,pending-review,Before audit use pending-review or needs-review. After audit set correct or incorrect.,
HPC,HPC-108228,https://jira-sd.mc1.oracleiaas.com/browse/HPC-108228,AGA | ad1 | CPV Job Timeout | BM.GPU.MI355X.8 | ib_write_bw_pair,Resolved,2026-02-10,4,FALSE,uncategorized,unknown,,none,,needs-review,Before audit use pending-review or needs-review. After audit set correct or incorrect.,
HPC,HPC-108232,https://jira-sd.mc1.oracleiaas.com/browse/HPC-108232,AGA | ad1 | CPV Job Failure | BM.GPU.MI355X.8 | iperf_pair,Resolved,2026-02-10,4,FALSE,uncategorized,unknown,,none,,needs-review,Before audit use pending-review or needs-review. After audit set correct or incorrect.,
HPC,HPC-108236,https://jira-sd.mc1.oracleiaas.com/browse/HPC-108236,AGA | ad1 | CPV Job Timeout | BM.GPU.MI355X.8 | ib_write_bw_pair,Resolved,2026-02-10,4,FALSE,CPV CDFP Fault - Auto Resolved (TRS),CDFP,"R045,R047,R048,R049,R050",rule,1.0,pending-review,Before audit use pending-review or needs-review. After audit set correct or incorrect.,
HPC,HPC-108237,https://jira-sd.mc1.oracleiaas.com/browse/HPC-108237,AGA | ad1 | CPV Job Timeout | BM.GPU.MI355X.8 | ib_write_bw_pair,Resolved,2026-02-10,4,FALSE,uncategorized,unknown,,none,,needs-review,Before audit use pending-review or needs-review. After audit set correct or incorrect.,
HPC,HPC-108238,https://jira-sd.mc1.oracleiaas.com/browse/HPC-108238,AGA | ad1 | CPV Job Timeout | BM.GPU.MI355X.8 | ib_write_bw_pair,Resolved,2026-02-10,4,FALSE,uncategorized,unknown,,none,,needs-review,Before audit use pending-review or needs-review. After audit set correct or incorrect.,
HPC,HPC-108239,https://jira-sd.mc1.oracleiaas.com/browse/HPC-108239,AGA | ad1 | CPV Job Failure | BM.GPU.MI355X.8 | initial_setup,Resolved,2026-02-10,4,FALSE,uncategorized,unknown,,none,,needs-review,Before audit use pending-review or needs-review. After audit set correct or incorrect.,
HPC,HPC-108240,https://jira-sd.mc1.oracleiaas.com/browse/HPC-108240,AGA | ad1 | CPV Job Timeout | BM.GPU.MI355X.8 | ib_write_bw_pair,Resolved,2026-02-10,4,FALSE,CPV CDFP Fault - Auto Resolved (TRS),CDFP,"R045,R047,R048,R049,R050",rule,1.0,pending-review,Before audit use pending-review or needs-review. After audit set correct or incorrect.,
HPC,HPC-108244,https://jira-sd.mc1.oracleiaas.com/browse/HPC-108244,AGA | ad1 | CPV Job Timeout | BM.GPU.MI355X.8 | initial_setup,Resolved,2026-02-10,4,FALSE,Potential Test Issue - Retest Passed,Potential Test Issue,R046,rule,1.0,pending-review,Before audit use pending-review or needs-review. After audit set correct or incorrect.,
HPC,HPC-108245,https://jira-sd.mc1.oracleiaas.com/browse/HPC-108245,FYV | ad1 | CPV Job Failure | BM.GPU.MI355X.8 | agfhc_level_1_to_5,Resolved,2026-02-10,4,FALSE,Potential Test Issue - Retest Passed,Potential Test Issue,R046,rule,1.0,pending-review,Before audit use pending-review or needs-review. After audit set correct or incorrect.,
HPC,HPC-108246,https://jira-sd.mc1.oracleiaas.com/browse/HPC-108246,AGA | ad1 | CPV Job Failure | BM.GPU.MI355X.8 | iperf_pair,Resolved,2026-02-10,4,FALSE,uncategorized,unknown,,none,,needs-review,Before audit use pending-review or needs-review. After audit set correct or incorrect.,
HPC,HPC-108247,https://jira-sd.mc1.oracleiaas.com/browse/HPC-108247,AGA | ad1 | CPV Job Timeout | BM.GPU.MI355X.8 | ib_write_bw_pair,Resolved,2026-02-10,4,FALSE,CPV CDFP Fault - Auto Resolved (TRS),CDFP,"R045,R047,R048,R049,R050",rule,1.0,pending-review,Before audit use pending-review or needs-review. After audit set correct or incorrect.,
HPC,HPC-108248,https://jira-sd.mc1.oracleiaas.com/browse/HPC-108248,AGA | ad1 | CPV Job Timeout | BM.GPU.MI355X.8 | ib_write_bw_pair,Resolved,2026-02-10,4,FALSE,CPV CDFP Fault - Auto Resolved (TRS),CDFP,"R045,R047,R048,R049,R050",rule,1.0,pending-review,Before audit use pending-review or needs-review. After audit set correct or incorrect.,
HPC,HPC-108249,https://jira-sd.mc1.oracleiaas.com/browse/HPC-108249,AGA | ad1 | CPV Job Timeout | BM.GPU.MI355X.8 | ib_write_bw_pair,Resolved,2026-02-10,4,FALSE,CPV CDFP Fault - Auto Resolved (TRS),CDFP,"R045,R047,R048,R049,R050",rule,1.0,pending-review,Before audit use pending-review or needs-review. After audit set correct or incorrect.,
HPC,HPC-108250,https://jira-sd.mc1.oracleiaas.com/browse/HPC-108250,AGA | ad1 | CPV Job Failure | BM.GPU.MI355X.8 | rccl_alltoall_perf_2_hosts,Resolved,2026-02-10,4,FALSE,CPV CDFP Fault - Auto Resolved (TRS),CDFP,"R045,R047,R048,R049,R050",rule,1.0,pending-review,Before audit use pending-review or needs-review. After audit set correct or incorrect.,
HPC,HPC-108251,https://jira-sd.mc1.oracleiaas.com/browse/HPC-108251,AGA | ad1 | CPV Job Timeout | BM.GPU.MI355X.8 | ib_write_bw_pair,Resolved,2026-02-10,4,FALSE,uncategorized,unknown,,none,,needs-review,Before audit use pending-review or needs-review. After audit set correct or incorrect.,
HPC,HPC-108254,https://jira-sd.mc1.oracleiaas.com/browse/HPC-108254,AGA | ad1 | CPV Job Timeout | BM.GPU.MI355X.8 | ib_write_bw_pair,Resolved,2026-02-10,4,FALSE,CPV CDFP Fault - Auto Resolved (TRS),CDFP,"R045,R047,R048,R049,R050",rule,1.0,pending-review,Before audit use pending-review or needs-review. After audit set correct or incorrect.,
HPC,HPC-108261,https://jira-sd.mc1.oracleiaas.com/browse/HPC-108261,AGA | ad1 | CPV Job Timeout | BM.GPU.MI355X.8 | ib_write_bw_pair,Resolved,2026-02-10,4,FALSE,CPV CDFP Fault - Auto Resolved (TRS),CDFP,"R045,R047,R048,R049,R050",rule,1.0,pending-review,Before audit use pending-review or needs-review. After audit set correct or incorrect.,
HPC,HPC-108266,https://jira-sd.mc1.oracleiaas.com/browse/HPC-108266,FYV | ad1 | CPV Job Failure | BM.GPU.MI355X.8 | agfhc_level_1_to_5,Resolved,2026-02-10,4,FALSE,Potential Test Issue - Retest Passed,Potential Test Issue,R046,rule,1.0,pending-review,Before audit use pending-review or needs-review. After audit set correct or incorrect.,
HPC,HPC-108274,https://jira-sd.mc1.oracleiaas.com/browse/HPC-108274,FYV | ad1 | CPV Job Failure | BM.GPU.MI355X.8 | health_check,Resolved,2026-02-10,4,FALSE,uncategorized,unknown,,none,,needs-review,Before audit use pending-review or needs-review. After audit set correct or incorrect.,
HPC,HPC-108277,https://jira-sd.mc1.oracleiaas.com/browse/HPC-108277,AGA | ad1 | CPV Job Failure | BM.GPU.MI355X.8 | health_check,Resolved,2026-02-10,4,FALSE,CPV CDFP Fault - Auto Resolved (TRS),CDFP,"R045,R047,R048,R049,R050",rule,1.0,pending-review,Before audit use pending-review or needs-review. After audit set correct or incorrect.,
HPC,HPC-108279,https://jira-sd.mc1.oracleiaas.com/browse/HPC-108279,AGA | 2547XK1066 | Meta CPV Validation Analysis,Resolved,2026-02-10,4,FALSE,uncategorized,unknown,,none,,needs-review,Before audit use pending-review or needs-review. After audit set correct or incorrect.,
HPC,HPC-108280,https://jira-sd.mc1.oracleiaas.com/browse/HPC-108280,AGA | ad1 | CPV Job Failure | BM.GPU.MI355X.8 | initial_setup,Resolved,2026-02-10,4,FALSE,uncategorized,unknown,,none,,needs-review,Before audit use pending-review or needs-review. After audit set correct or incorrect.,
HPC,HPC-108281,https://jira-sd.mc1.oracleiaas.com/browse/HPC-108281,AGA | ad1 | CPV Job Failure | BM.GPU.MI355X.8 | health_check,Resolved,2026-02-10,4,FALSE,uncategorized,unknown,,none,,needs-review,Before audit use pending-review or needs-review. After audit set correct or incorrect.,
HPC,HPC-108282,https://jira-sd.mc1.oracleiaas.com/browse/HPC-108282,AGA | ad1 | CPV Job Timeout | BM.GPU.MI355X.8 | initial_setup,Resolved,2026-02-10,4,FALSE,uncategorized,unknown,,none,,needs-review,Before audit use pending-review or needs-review. After audit set correct or incorrect.,
HPC,HPC-108283,https://jira-sd.mc1.oracleiaas.com/browse/HPC-108283,AGA | ad1 | CPV Job Failure | BM.GPU.MI355X.8 | miniHPL,Resolved,2026-02-10,4,FALSE,Potential Test Issue - Retest Passed,Potential Test Issue,R046,rule,1.0,pending-review,Before audit use pending-review or needs-review. After audit set correct or incorrect.,
HPC,HPC-108286,https://jira-sd.mc1.oracleiaas.com/browse/HPC-108286,AGA | 8216 | 2603XQ101K | 2602XK10L2 | SUNVTS test failure,Resolved,2026-02-10,4,FALSE,uncategorized,unknown,,none,,needs-review,Before audit use pending-review or needs-review. After audit set correct or incorrect.,
HPC,HPC-108287,https://jira-sd.mc1.oracleiaas.com/browse/HPC-108287,AGA | ad1 | CPV Job Timeout | BM.GPU.MI355X.8 | ib_write_bw_pair,Resolved,2026-02-10,4,FALSE,uncategorized,unknown,,none,,needs-review,Before audit use pending-review or needs-review. After audit set correct or incorrect.,
HPC,HPC-108288,https://jira-sd.mc1.oracleiaas.com/browse/HPC-108288,AGA | ad1 | CPV Job Timeout | BM.GPU.MI355X.8 | ib_write_bw_pair,Resolved,2026-02-10,4,FALSE,uncategorized,unknown,,none,,needs-review,Before audit use pending-review or needs-review. After audit set correct or incorrect.,
HPC,HPC-108289,https://jira-sd.mc1.oracleiaas.com/browse/HPC-108289,AGA | ad1 | CPV Job Timeout | BM.GPU.MI355X.8 | ib_write_bw_pair,Resolved,2026-02-10,4,FALSE,uncategorized,unknown,,none,,needs-review,Before audit use pending-review or needs-review. After audit set correct or incorrect.,
HPC,HPC-108290,https://jira-sd.mc1.oracleiaas.com/browse/HPC-108290,AGA | ad1 | CPV Job Timeout | BM.GPU.MI355X.8 | ib_write_bw_pair,Resolved,2026-02-10,4,FALSE,uncategorized,unknown,,none,,needs-review,Before audit use pending-review or needs-review. After audit set correct or incorrect.,
HPC,HPC-108293,https://jira-sd.mc1.oracleiaas.com/browse/HPC-108293,AGA | ad1 | CPV Job Timeout | BM.GPU.MI355X.8 | ib_write_bw_pair,Resolved,2026-02-10,4,FALSE,uncategorized,unknown,,none,,needs-review,Before audit use pending-review or needs-review. After audit set correct or incorrect.,
HPC,HPC-108294,https://jira-sd.mc1.oracleiaas.com/browse/HPC-108294,AGA | ad1 | CPV Job Timeout | BM.GPU.MI355X.8 | ib_write_bw_pair,Resolved,2026-02-10,4,FALSE,uncategorized,unknown,,none,,needs-review,Before audit use pending-review or needs-review. After audit set correct or incorrect.,
HPC,HPC-108295,https://jira-sd.mc1.oracleiaas.com/browse/HPC-108295,AGA | ad1 | CPV Job Timeout | BM.GPU.MI355X.8 | ib_write_bw_pair,Resolved,2026-02-10,4,FALSE,uncategorized,unknown,,none,,needs-review,Before audit use pending-review or needs-review. After audit set correct or incorrect.,
HPC,HPC-108296,https://jira-sd.mc1.oracleiaas.com/browse/HPC-108296,AGA | ad1 | CPV Job Timeout | BM.GPU.MI355X.8 | ib_write_bw_pair,Resolved,2026-02-10,4,FALSE,CPV CDFP Fault - Auto Resolved (TRS),CDFP,"R045,R047,R048,R049,R050",rule,1.0,pending-review,Before audit use pending-review or needs-review. After audit set correct or incorrect.,
HPC,HPC-108297,https://jira-sd.mc1.oracleiaas.com/browse/HPC-108297,AGA | ad1 | CPV Job Timeout | BM.GPU.MI355X.8 | ib_write_bw_pair,Resolved,2026-02-10,4,FALSE,uncategorized,unknown,,none,,needs-review,Before audit use pending-review or needs-review. After audit set correct or incorrect.,
HPC,HPC-108298,https://jira-sd.mc1.oracleiaas.com/browse/HPC-108298,AGA | ad1 | CPV Job Timeout | BM.GPU.MI355X.8 | ib_write_bw_pair,Resolved,2026-02-10,4,FALSE,uncategorized,unknown,,none,,needs-review,Before audit use pending-review or needs-review. After audit set correct or incorrect.,
HPC,HPC-108299,https://jira-sd.mc1.oracleiaas.com/browse/HPC-108299,AGA | ad1 | CPV Job Timeout | BM.GPU.MI355X.8 | agfhc_level_1_to_5,Resolved,2026-02-10,4,FALSE,CPV CDFP Fault - Auto Resolved (TRS),CDFP,"R045,R047,R048,R049,R050",rule,1.0,pending-review,Before audit use pending-review or needs-review. After audit set correct or incorrect.,
HPC,HPC-108301,https://jira-sd.mc1.oracleiaas.com/browse/HPC-108301,AGA | ad1 | CPV Job Failure | BM.GPU.MI355X.8 | ib_write_bw_pair,Resolved,2026-02-10,4,FALSE,uncategorized,unknown,,none,,needs-review,Before audit use pending-review or needs-review. After audit set correct or incorrect.,
HPC,HPC-108347,https://jira-sd.mc1.oracleiaas.com/browse/HPC-108347,AGA | ad1 | CPV Job Failure | BM.GPU.MI355X.8 | iperf_pair,Resolved,2026-02-10,4,FALSE,CPV CDFP Fault - Auto Resolved (TRS),CDFP,"R045,R047,R048,R049,R050",rule,1.0,pending-review,Before audit use pending-review or needs-review. After audit set correct or incorrect.,
HPC,HPC-108348,https://jira-sd.mc1.oracleiaas.com/browse/HPC-108348,AGA | ad1 | CPV Job Timeout | BM.GPU.MI355X.8 | initial_setup,Resolved,2026-02-10,4,FALSE,uncategorized,unknown,,none,,needs-review,Before audit use pending-review or needs-review. After audit set correct or incorrect.,
HPC,HPC-108547,https://jira-sd.mc1.oracleiaas.com/browse/HPC-108547,AGA | ad1 | CPV Job Failure | BM.GPU.MI355X.8 | miniHPL,Resolved,2026-02-11,4,FALSE,Potential Test Issue - Retest Passed,Potential Test Issue,R046,rule,1.0,pending-review,Before audit use pending-review or needs-review. After audit set correct or incorrect.,
HPC,HPC-108548,https://jira-sd.mc1.oracleiaas.com/browse/HPC-108548,AGA | ad1 | CPV Job Timeout | BM.GPU.MI355X.8 | ib_write_bw_pair,Resolved,2026-02-11,4,FALSE,uncategorized,unknown,,none,,needs-review,Before audit use pending-review or needs-review. After audit set correct or incorrect.,
HPC,HPC-108649,https://jira-sd.mc1.oracleiaas.com/browse/HPC-108649,AGA | ad1 | CPV Job Timeout | BM.GPU.MI355X.8 | ib_write_bw_pair,Resolved,2026-02-11,4,FALSE,uncategorized,unknown,,none,,needs-review,Before audit use pending-review or needs-review. After audit set correct or incorrect.,
HPC,HPC-108650,https://jira-sd.mc1.oracleiaas.com/browse/HPC-108650,AGA | ad1 | CPV Job Failure | BM.GPU.MI355X.8 | health_check,Resolved,2026-02-11,4,FALSE,uncategorized,unknown,,none,,needs-review,Before audit use pending-review or needs-review. After audit set correct or incorrect.,
HPC,HPC-108731,https://jira-sd.mc1.oracleiaas.com/browse/HPC-108731,AGA | ad1 | CPV Job Timeout | BM.GPU.MI355X.8 | wait_for_wpa,Resolved,2026-02-11,4,FALSE,uncategorized,unknown,,none,,needs-review,Before audit use pending-review or needs-review. After audit set correct or incorrect.,
HPC,HPC-108732,https://jira-sd.mc1.oracleiaas.com/browse/HPC-108732,FYV | 18204 | 2540XK100W | 2603XK11P0 | SUNVTS test failure,Resolved,2026-02-11,4,FALSE,uncategorized,unknown,,none,,needs-review,Before audit use pending-review or needs-review. After audit set correct or incorrect.,
HPC,HPC-108734,https://jira-sd.mc1.oracleiaas.com/browse/HPC-108734,AGA | ad1 | CPV Job Timeout | BM.GPU.MI355X.8 | ib_write_bw_pair,Resolved,2026-02-11,4,FALSE,uncategorized,unknown,,none,,needs-review,Before audit use pending-review or needs-review. After audit set correct or incorrect.,
HPC,HPC-108735,https://jira-sd.mc1.oracleiaas.com/browse/HPC-108735,AGA | ad1 | CPV Job Timeout | BM.GPU.MI355X.8 | ib_write_bw_pair,Resolved,2026-02-11,4,FALSE,CPV CDFP Fault - Auto Resolved (TRS),CDFP,"R045,R047,R048,R049,R050",rule,1.0,pending-review,Before audit use pending-review or needs-review. After audit set correct or incorrect.,
HPC,HPC-108746,https://jira-sd.mc1.oracleiaas.com/browse/HPC-108746,AGA | ad1 | CPV Job Timeout | BM.GPU.MI355X.8 | agfhc_level_1_to_5,Resolved,2026-02-11,4,FALSE,Potential Test Issue - Retest Passed,Potential Test Issue,R046,rule,1.0,pending-review,Before audit use pending-review or needs-review. After audit set correct or incorrect.,
HPC,HPC-108750,https://jira-sd.mc1.oracleiaas.com/browse/HPC-108750,FYV | ad1 | CPV Job Failure | BM.GPU.MI355X.8 | cable_validation,Resolved,2026-02-11,4,FALSE,uncategorized,unknown,,none,,needs-review,Before audit use pending-review or needs-review. After audit set correct or incorrect.,
HPC,HPC-108751,https://jira-sd.mc1.oracleiaas.com/browse/HPC-108751,FYV | ad1 | CPV Job Failure | BM.GPU.MI355X.8 | health_check,Resolved,2026-02-11,4,FALSE,uncategorized,unknown,,none,,needs-review,Before audit use pending-review or needs-review. After audit set correct or incorrect.,
HPC,HPC-108753,https://jira-sd.mc1.oracleiaas.com/browse/HPC-108753,FYV | ad1 | CPV Job Failure | BM.GPU.MI355X.8 | rccl_allreduce_perf_single,Resolved,2026-02-11,4,FALSE,uncategorized,unknown,,none,,needs-review,Before audit use pending-review or needs-review. After audit set correct or incorrect.,
HPC,HPC-108755,https://jira-sd.mc1.oracleiaas.com/browse/HPC-108755,FYV | ad1 | CPV Job Failure | BM.GPU.MI355X.8 | cable_validation,Resolved,2026-02-11,4,FALSE,uncategorized,unknown,,none,,needs-review,Before audit use pending-review or needs-review. After audit set correct or incorrect.,
HPC,HPC-108756,https://jira-sd.mc1.oracleiaas.com/browse/HPC-108756,AGA | ad1 | CPV Job Timeout | BM.GPU.MI355X.8 | ib_write_bw_pair,Resolved,2026-02-11,4,FALSE,CPV CDFP Fault - Auto Resolved (TRS),CDFP,"R045,R047,R048,R049,R050",rule,1.0,pending-review,Before audit use pending-review or needs-review. After audit set correct or incorrect.,
HPC,HPC-108759,https://jira-sd.mc1.oracleiaas.com/browse/HPC-108759,AGA | ad1 | CPV Job Timeout | BM.GPU.MI355X.8 | ib_write_bw_pair,Resolved,2026-02-11,4,FALSE,uncategorized,unknown,,none,,needs-review,Before audit use pending-review or needs-review. After audit set correct or incorrect.,
HPC,HPC-108761,https://jira-sd.mc1.oracleiaas.com/browse/HPC-108761,FYV | ad1 | CPV Job Failure | BM.GPU.MI355X.8 | cable_validation,Resolved,2026-02-11,4,FALSE,uncategorized,unknown,,none,,needs-review,Before audit use pending-review or needs-review. After audit set correct or incorrect.,
HPC,HPC-108778,https://jira-sd.mc1.oracleiaas.com/browse/HPC-108778,FYV | ad1 | CPV Job Failure | BM.GPU.MI355X.8 | health_check,Resolved,2026-02-11,4,FALSE,uncategorized,unknown,,none,,needs-review,Before audit use pending-review or needs-review. After audit set correct or incorrect.,
HPC,HPC-108779,https://jira-sd.mc1.oracleiaas.com/browse/HPC-108779,FYV | ad1 | CPV Job Failure | BM.GPU.MI355X.8 | health_check,Resolved,2026-02-11,4,FALSE,uncategorized,unknown,,none,,needs-review,Before audit use pending-review or needs-review. After audit set correct or incorrect.,
HPC,HPC-108780,https://jira-sd.mc1.oracleiaas.com/browse/HPC-108780,FYV | ad1 | CPV Job Failure | BM.GPU.MI355X.8 | health_check,Resolved,2026-02-11,4,FALSE,uncategorized,unknown,,none,,needs-review,Before audit use pending-review or needs-review. After audit set correct or incorrect.,
HPC,HPC-108781,https://jira-sd.mc1.oracleiaas.com/browse/HPC-108781,FYV | ad1 | CPV Job Failure | BM.GPU.MI355X.8 | health_check,Resolved,2026-02-11,4,FALSE,uncategorized,unknown,,none,,needs-review,Before audit use pending-review or needs-review. After audit set correct or incorrect.,
HPC,HPC-108782,https://jira-sd.mc1.oracleiaas.com/browse/HPC-108782,FYV | ad1 | CPV Job Failure | BM.GPU.MI355X.8 | health_check,Resolved,2026-02-11,4,FALSE,uncategorized,unknown,,none,,needs-review,Before audit use pending-review or needs-review. After audit set correct or incorrect.,
HPC,HPC-108783,https://jira-sd.mc1.oracleiaas.com/browse/HPC-108783,FYV | ad1 | CPV Job Failure | BM.GPU.MI355X.8 | health_check,Resolved,2026-02-11,4,FALSE,uncategorized,unknown,,none,,needs-review,Before audit use pending-review or needs-review. After audit set correct or incorrect.,
HPC,HPC-108784,https://jira-sd.mc1.oracleiaas.com/browse/HPC-108784,AGA | 7908 | 2551XQ1054 | 2603XK11L5 | SUNVTS test failure,Resolved,2026-02-11,4,FALSE,uncategorized,unknown,,none,,needs-review,Before audit use pending-review or needs-review. After audit set correct or incorrect.,
HPC,HPC-108786,https://jira-sd.mc1.oracleiaas.com/browse/HPC-108786,AGA | ad1 | CPV Job Timeout | BM.GPU.MI355X.8 | agfhc_hbm_8h,Resolved,2026-02-11,4,FALSE,CPV CDFP Fault - Auto Resolved (TRS),CDFP,"R045,R047,R048,R049,R050",rule,1.0,pending-review,Before audit use pending-review or needs-review. After audit set correct or incorrect.,
HPC,HPC-108795,https://jira-sd.mc1.oracleiaas.com/browse/HPC-108795,FYV | ad1 | CPV Job Failure | BM.GPU.MI355X.8 | health_check,Resolved,2026-02-11,4,FALSE,uncategorized,unknown,,none,,needs-review,Before audit use pending-review or needs-review. After audit set correct or incorrect.,
HPC,HPC-108796,https://jira-sd.mc1.oracleiaas.com/browse/HPC-108796,FYV | ad1 | CPV Job Failure | BM.GPU.MI355X.8 | health_check,Resolved,2026-02-11,4,FALSE,uncategorized,unknown,,none,,needs-review,Before audit use pending-review or needs-review. After audit set correct or incorrect.,
HPC,HPC-108797,https://jira-sd.mc1.oracleiaas.com/browse/HPC-108797,FYV | ad1 | CPV Job Failure | BM.GPU.MI355X.8 | health_check,Resolved,2026-02-11,4,FALSE,uncategorized,unknown,,none,,needs-review,Before audit use pending-review or needs-review. After audit set correct or incorrect.,
HPC,HPC-108798,https://jira-sd.mc1.oracleiaas.com/browse/HPC-108798,FYV | ad1 | CPV Job Failure | BM.GPU.MI355X.8 | health_check,Resolved,2026-02-11,4,FALSE,uncategorized,unknown,,none,,needs-review,Before audit use pending-review or needs-review. After audit set correct or incorrect.,
HPC,HPC-108799,https://jira-sd.mc1.oracleiaas.com/browse/HPC-108799,FYV | ad1 | CPV Job Failure | BM.GPU.MI355X.8 | health_check,Resolved,2026-02-11,4,FALSE,uncategorized,unknown,,none,,needs-review,Before audit use pending-review or needs-review. After audit set correct or incorrect.,
HPC,HPC-108800,https://jira-sd.mc1.oracleiaas.com/browse/HPC-108800,FYV | ad1 | CPV Job Failure | BM.GPU.MI355X.8 | health_check,Resolved,2026-02-11,4,FALSE,CPV CDFP Fault - Auto Resolved (TRS),CDFP,"R045,R047,R048,R049,R050",rule,1.0,pending-review,Before audit use pending-review or needs-review. After audit set correct or incorrect.,
HPC,HPC-108801,https://jira-sd.mc1.oracleiaas.com/browse/HPC-108801,FYV | ad1 | CPV Job Failure | BM.GPU.MI355X.8 | health_check,Resolved,2026-02-11,4,FALSE,uncategorized,unknown,,none,,needs-review,Before audit use pending-review or needs-review. After audit set correct or incorrect.,
HPC,HPC-108802,https://jira-sd.mc1.oracleiaas.com/browse/HPC-108802,FYV | ad1 | CPV Job Failure | BM.GPU.MI355X.8 | health_check,Resolved,2026-02-11,4,FALSE,uncategorized,unknown,,none,,needs-review,Before audit use pending-review or needs-review. After audit set correct or incorrect.,
HPC,HPC-108803,https://jira-sd.mc1.oracleiaas.com/browse/HPC-108803,FYV | ad1 | CPV Job Failure | BM.GPU.MI355X.8 | health_check,Resolved,2026-02-11,4,FALSE,uncategorized,unknown,,none,,needs-review,Before audit use pending-review or needs-review. After audit set correct or incorrect.,
HPC,HPC-108804,https://jira-sd.mc1.oracleiaas.com/browse/HPC-108804,FYV | ad1 | CPV Job Failure | BM.GPU.MI355X.8 | health_check,Resolved,2026-02-11,4,FALSE,uncategorized,unknown,,none,,needs-review,Before audit use pending-review or needs-review. After audit set correct or incorrect.,
HPC,HPC-108805,https://jira-sd.mc1.oracleiaas.com/browse/HPC-108805,FYV | ad1 | CPV Job Failure | BM.GPU.MI355X.8 | health_check,Resolved,2026-02-11,4,FALSE,uncategorized,unknown,,none,,needs-review,Before audit use pending-review or needs-review. After audit set correct or incorrect.,
HPC,HPC-108806,https://jira-sd.mc1.oracleiaas.com/browse/HPC-108806,FYV | ad1 | CPV Job Failure | BM.GPU.MI355X.8 | health_check,Resolved,2026-02-11,4,FALSE,uncategorized,unknown,,none,,needs-review,Before audit use pending-review or needs-review. After audit set correct or incorrect.,
HPC,HPC-108807,https://jira-sd.mc1.oracleiaas.com/browse/HPC-108807,FYV | ad1 | CPV Job Failure | BM.GPU.MI355X.8 | health_check,Resolved,2026-02-11,4,FALSE,uncategorized,unknown,,none,,needs-review,Before audit use pending-review or needs-review. After audit set correct or incorrect.,
HPC,HPC-108808,https://jira-sd.mc1.oracleiaas.com/browse/HPC-108808,FYV | ad1 | CPV Job Failure | BM.GPU.MI355X.8 | health_check,Resolved,2026-02-11,4,FALSE,uncategorized,unknown,,none,,needs-review,Before audit use pending-review or needs-review. After audit set correct or incorrect.,
HPC,HPC-108809,https://jira-sd.mc1.oracleiaas.com/browse/HPC-108809,FYV | ad1 | CPV Job Failure | BM.GPU.MI355X.8 | health_check,Resolved,2026-02-11,4,FALSE,uncategorized,unknown,,none,,needs-review,Before audit use pending-review or needs-review. After audit set correct or incorrect.,
HPC,HPC-108810,https://jira-sd.mc1.oracleiaas.com/browse/HPC-108810,FYV | ad1 | CPV Job Failure | BM.GPU.MI355X.8 | health_check,Resolved,2026-02-11,4,FALSE,uncategorized,unknown,,none,,needs-review,Before audit use pending-review or needs-review. After audit set correct or incorrect.,
HPC,HPC-108811,https://jira-sd.mc1.oracleiaas.com/browse/HPC-108811,FYV | ad1 | CPV Job Failure | BM.GPU.MI355X.8 | health_check,Resolved,2026-02-11,4,FALSE,uncategorized,unknown,,none,,needs-review,Before audit use pending-review or needs-review. After audit set correct or incorrect.,
HPC,HPC-108812,https://jira-sd.mc1.oracleiaas.com/browse/HPC-108812,FYV | ad1 | CPV Job Failure | BM.GPU.MI355X.8 | health_check,Resolved,2026-02-11,4,FALSE,uncategorized,unknown,,none,,needs-review,Before audit use pending-review or needs-review. After audit set correct or incorrect.,
HPC,HPC-108813,https://jira-sd.mc1.oracleiaas.com/browse/HPC-108813,FYV | ad1 | CPV Job Failure | BM.GPU.MI355X.8 | health_check,Resolved,2026-02-11,4,FALSE,uncategorized,unknown,,none,,needs-review,Before audit use pending-review or needs-review. After audit set correct or incorrect.,
HPC,HPC-108814,https://jira-sd.mc1.oracleiaas.com/browse/HPC-108814,FYV | ad1 | CPV Job Failure | BM.GPU.MI355X.8 | health_check,Resolved,2026-02-11,4,FALSE,uncategorized,unknown,,none,,needs-review,Before audit use pending-review or needs-review. After audit set correct or incorrect.,
HPC,HPC-108815,https://jira-sd.mc1.oracleiaas.com/browse/HPC-108815,FYV | ad1 | CPV Job Failure | BM.GPU.MI355X.8 | health_check,Resolved,2026-02-11,4,FALSE,uncategorized,unknown,,none,,needs-review,Before audit use pending-review or needs-review. After audit set correct or incorrect.,
HPC,HPC-108816,https://jira-sd.mc1.oracleiaas.com/browse/HPC-108816,FYV | ad1 | CPV Job Failure | BM.GPU.MI355X.8 | health_check,Resolved,2026-02-11,4,FALSE,uncategorized,unknown,,none,,needs-review,Before audit use pending-review or needs-review. After audit set correct or incorrect.,
HPC,HPC-108817,https://jira-sd.mc1.oracleiaas.com/browse/HPC-108817,FYV | ad1 | CPV Job Failure | BM.GPU.MI355X.8 | health_check,Resolved,2026-02-11,4,FALSE,uncategorized,unknown,,none,,needs-review,Before audit use pending-review or needs-review. After audit set correct or incorrect.,
HPC,HPC-108818,https://jira-sd.mc1.oracleiaas.com/browse/HPC-108818,FYV | ad1 | CPV Job Failure | BM.GPU.MI355X.8 | health_check,Resolved,2026-02-11,4,FALSE,uncategorized,unknown,,none,,needs-review,Before audit use pending-review or needs-review. After audit set correct or incorrect.,
HPC,HPC-108820,https://jira-sd.mc1.oracleiaas.com/browse/HPC-108820,FYV | ad1 | CPV Job Failure | BM.GPU.MI355X.8 | health_check,Resolved,2026-02-11,4,FALSE,uncategorized,unknown,,none,,needs-review,Before audit use pending-review or needs-review. After audit set correct or incorrect.,
HPC,HPC-108825,https://jira-sd.mc1.oracleiaas.com/browse/HPC-108825,FYV | ad1 | CPV Job Failure | BM.GPU.MI355X.8 | health_check,Resolved,2026-02-11,4,FALSE,uncategorized,unknown,,none,,needs-review,Before audit use pending-review or needs-review. After audit set correct or incorrect.,
HPC,HPC-108826,https://jira-sd.mc1.oracleiaas.com/browse/HPC-108826,FYV | ad1 | CPV Job Failure | BM.GPU.MI355X.8 | health_check,Resolved,2026-02-11,4,FALSE,uncategorized,unknown,,none,,needs-review,Before audit use pending-review or needs-review. After audit set correct or incorrect.,
HPC,HPC-108827,https://jira-sd.mc1.oracleiaas.com/browse/HPC-108827,FYV | ad1 | CPV Job Failure | BM.GPU.MI355X.8 | health_check,Resolved,2026-02-11,4,FALSE,uncategorized,unknown,,none,,needs-review,Before audit use pending-review or needs-review. After audit set correct or incorrect.,
HPC,HPC-108828,https://jira-sd.mc1.oracleiaas.com/browse/HPC-108828,FYV | ad1 | CPV Job Failure | BM.GPU.MI355X.8 | health_check,Resolved,2026-02-11,4,FALSE,uncategorized,unknown,,none,,needs-review,Before audit use pending-review or needs-review. After audit set correct or incorrect.,
HPC,HPC-108829,https://jira-sd.mc1.oracleiaas.com/browse/HPC-108829,FYV | ad1 | CPV Job Failure | BM.GPU.MI355X.8 | health_check,Resolved,2026-02-11,4,FALSE,uncategorized,unknown,,none,,needs-review,Before audit use pending-review or needs-review. After audit set correct or incorrect.,
HPC,HPC-108830,https://jira-sd.mc1.oracleiaas.com/browse/HPC-108830,FYV | ad1 | CPV Job Failure | BM.GPU.MI355X.8 | health_check,Resolved,2026-02-11,4,FALSE,uncategorized,unknown,,none,,needs-review,Before audit use pending-review or needs-review. After audit set correct or incorrect.,
HPC,HPC-108831,https://jira-sd.mc1.oracleiaas.com/browse/HPC-108831,FYV | ad1 | CPV Job Failure | BM.GPU.MI355X.8 | health_check,Resolved,2026-02-11,4,FALSE,uncategorized,unknown,,none,,needs-review,Before audit use pending-review or needs-review. After audit set correct or incorrect.,
HPC,HPC-108832,https://jira-sd.mc1.oracleiaas.com/browse/HPC-108832,FYV | ad1 | CPV Job Failure | BM.GPU.MI355X.8 | health_check,Resolved,2026-02-11,4,FALSE,uncategorized,unknown,,none,,needs-review,Before audit use pending-review or needs-review. After audit set correct or incorrect.,
HPC,HPC-108833,https://jira-sd.mc1.oracleiaas.com/browse/HPC-108833,FYV | ad1 | CPV Job Failure | BM.GPU.MI355X.8 | health_check,Resolved,2026-02-11,4,FALSE,uncategorized,unknown,,none,,needs-review,Before audit use pending-review or needs-review. After audit set correct or incorrect.,
HPC,HPC-108836,https://jira-sd.mc1.oracleiaas.com/browse/HPC-108836,FYV | ad1 | CPV Job Failure | BM.GPU.MI355X.8 | health_check,Resolved,2026-02-11,4,FALSE,uncategorized,unknown,,none,,needs-review,Before audit use pending-review or needs-review. After audit set correct or incorrect.,
HPC,HPC-108837,https://jira-sd.mc1.oracleiaas.com/browse/HPC-108837,FYV | ad1 | CPV Job Failure | BM.GPU.MI355X.8 | health_check,Resolved,2026-02-11,4,FALSE,uncategorized,unknown,,none,,needs-review,Before audit use pending-review or needs-review. After audit set correct or incorrect.,
HPC,HPC-108838,https://jira-sd.mc1.oracleiaas.com/browse/HPC-108838,FYV | ad1 | CPV Job Failure | BM.GPU.MI355X.8 | health_check,Resolved,2026-02-11,4,FALSE,uncategorized,unknown,,none,,needs-review,Before audit use pending-review or needs-review. After audit set correct or incorrect.,
HPC,HPC-108839,https://jira-sd.mc1.oracleiaas.com/browse/HPC-108839,FYV | ad1 | CPV Job Failure | BM.GPU.MI355X.8 | health_check,Resolved,2026-02-11,4,FALSE,uncategorized,unknown,,none,,needs-review,Before audit use pending-review or needs-review. After audit set correct or incorrect.,
HPC,HPC-108840,https://jira-sd.mc1.oracleiaas.com/browse/HPC-108840,FYV | ad1 | CPV Job Failure | BM.GPU.MI355X.8 | health_check,Resolved,2026-02-11,4,FALSE,uncategorized,unknown,,none,,needs-review,Before audit use pending-review or needs-review. After audit set correct or incorrect.,
HPC,HPC-108841,https://jira-sd.mc1.oracleiaas.com/browse/HPC-108841,FYV | ad1 | CPV Job Failure | BM.GPU.MI355X.8 | health_check,Resolved,2026-02-11,4,FALSE,uncategorized,unknown,,none,,needs-review,Before audit use pending-review or needs-review. After audit set correct or incorrect.,
HPC,HPC-108842,https://jira-sd.mc1.oracleiaas.com/browse/HPC-108842,FYV | ad1 | CPV Job Failure | BM.GPU.MI355X.8 | health_check,Resolved,2026-02-11,4,FALSE,uncategorized,unknown,,none,,needs-review,Before audit use pending-review or needs-review. After audit set correct or incorrect.,
HPC,HPC-108843,https://jira-sd.mc1.oracleiaas.com/browse/HPC-108843,FYV | ad1 | CPV Job Failure | BM.GPU.MI355X.8 | health_check,Resolved,2026-02-11,4,FALSE,uncategorized,unknown,,none,,needs-review,Before audit use pending-review or needs-review. After audit set correct or incorrect.,
HPC,HPC-108844,https://jira-sd.mc1.oracleiaas.com/browse/HPC-108844,FYV | ad1 | CPV Job Failure | BM.GPU.MI355X.8 | health_check,Resolved,2026-02-11,4,FALSE,uncategorized,unknown,,none,,needs-review,Before audit use pending-review or needs-review. After audit set correct or incorrect.,
HPC,HPC-108845,https://jira-sd.mc1.oracleiaas.com/browse/HPC-108845,FYV | ad1 | CPV Job Failure | BM.GPU.MI355X.8 | health_check,Resolved,2026-02-11,4,FALSE,uncategorized,unknown,,none,,needs-review,Before audit use pending-review or needs-review. After audit set correct or incorrect.,
HPC,HPC-108848,https://jira-sd.mc1.oracleiaas.com/browse/HPC-108848,FYV | ad1 | CPV Job Failure | BM.GPU.MI355X.8 | health_check,Resolved,2026-02-11,4,FALSE,uncategorized,unknown,,none,,needs-review,Before audit use pending-review or needs-review. After audit set correct or incorrect.,
HPC,HPC-108849,https://jira-sd.mc1.oracleiaas.com/browse/HPC-108849,FYV | ad1 | CPV Job Failure | BM.GPU.MI355X.8 | health_check,Resolved,2026-02-11,4,FALSE,uncategorized,unknown,,none,,needs-review,Before audit use pending-review or needs-review. After audit set correct or incorrect.,
HPC,HPC-108851,https://jira-sd.mc1.oracleiaas.com/browse/HPC-108851,FYV | ad1 | CPV Job Failure | BM.GPU.MI355X.8 | health_check,Resolved,2026-02-11,4,FALSE,uncategorized,unknown,,none,,needs-review,Before audit use pending-review or needs-review. After audit set correct or incorrect.,
HPC,HPC-108852,https://jira-sd.mc1.oracleiaas.com/browse/HPC-108852,FYV | ad1 | CPV Job Failure | BM.GPU.MI355X.8 | health_check,Resolved,2026-02-11,4,FALSE,uncategorized,unknown,,none,,needs-review,Before audit use pending-review or needs-review. After audit set correct or incorrect.,
HPC,HPC-108857,https://jira-sd.mc1.oracleiaas.com/browse/HPC-108857,AGA | ad1 | CPV Job Timeout | BM.GPU.MI355X.8 | sunvts_burnin,Resolved,2026-02-11,4,FALSE,CPV CDFP Fault - Auto Resolved (TRS),CDFP,"R045,R047,R048,R049,R050",rule,1.0,pending-review,Before audit use pending-review or needs-review. After audit set correct or incorrect.,
HPC,HPC-108870,https://jira-sd.mc1.oracleiaas.com/browse/HPC-108870,FYV | ad1 | CPV Job Failure | BM.GPU.MI355X.8 | health_check,Resolved,2026-02-11,4,FALSE,uncategorized,unknown,,none,,needs-review,Before audit use pending-review or needs-review. After audit set correct or incorrect.,
HPC,HPC-108876,https://jira-sd.mc1.oracleiaas.com/browse/HPC-108876,FYV | ad1 | CPV Job Failure | BM.GPU.MI355X.8 | health_check,Resolved,2026-02-11,4,FALSE,uncategorized,unknown,,none,,needs-review,Before audit use pending-review or needs-review. After audit set correct or incorrect.,
HPC,HPC-108881,https://jira-sd.mc1.oracleiaas.com/browse/HPC-108881,FYV | ad1 | CPV Job Failure | BM.GPU.MI355X.8 | health_check,Resolved,2026-02-11,4,FALSE,uncategorized,unknown,,none,,needs-review,Before audit use pending-review or needs-review. After audit set correct or incorrect.,
HPC,HPC-108884,https://jira-sd.mc1.oracleiaas.com/browse/HPC-108884,AGA | ad1 | CPV Job Failure | BM.GPU.MI355X.8 | agfhc_level_1_to_5,Resolved,2026-02-11,4,FALSE,Potential Test Issue - Retest Passed,Potential Test Issue,R046,rule,1.0,pending-review,Before audit use pending-review or needs-review. After audit set correct or incorrect.,
HPC,HPC-108890,https://jira-sd.mc1.oracleiaas.com/browse/HPC-108890,AGA | ad1 | CPV Job Failure | BM.GPU.MI355X.8 | agfhc_level_1_to_5,Resolved,2026-02-11,4,FALSE,CPV CDFP Fault - Auto Resolved (TRS),CDFP,"R045,R047,R048,R049,R050",rule,1.0,pending-review,Before audit use pending-review or needs-review. After audit set correct or incorrect.,
HPC,HPC-108904,https://jira-sd.mc1.oracleiaas.com/browse/HPC-108904,AGA | ad1 | CPV Job Failure | BM.GPU.MI355X.8 | initial_setup,Resolved,2026-02-11,4,FALSE,uncategorized,unknown,,none,,needs-review,Before audit use pending-review or needs-review. After audit set correct or incorrect.,
HPC,HPC-108922,https://jira-sd.mc1.oracleiaas.com/browse/HPC-108922,AGA | ad1 | CPV Job Timeout | BM.GPU.MI355X.8 | ib_write_bw_pair,Resolved,2026-02-11,4,FALSE,CPV CDFP Fault - Auto Resolved (TRS),CDFP,"R045,R047,R048,R049,R050",rule,1.0,pending-review,Before audit use pending-review or needs-review. After audit set correct or incorrect.,
HPC,HPC-108925,https://jira-sd.mc1.oracleiaas.com/browse/HPC-108925,FYV | ad1 | CPV Job Failure | BM.GPU.MI355X.8 | health_check,Resolved,2026-02-11,4,FALSE,CPV CDFP Fault - Auto Resolved (TRS),CDFP,"R045,R047,R048,R049,R050",rule,1.0,pending-review,Before audit use pending-review or needs-review. After audit set correct or incorrect.,
HPC,HPC-108926,https://jira-sd.mc1.oracleiaas.com/browse/HPC-108926,FYV | ad1 | CPV Job Failure | BM.GPU.MI355X.8 | health_check,Resolved,2026-02-11,4,FALSE,uncategorized,unknown,,none,,needs-review,Before audit use pending-review or needs-review. After audit set correct or incorrect.,
HPC,HPC-108927,https://jira-sd.mc1.oracleiaas.com/browse/HPC-108927,AGA | 2540XK10AF | Meta CPV Validation Analysis,Resolved,2026-02-11,4,FALSE,uncategorized,unknown,,none,,needs-review,Before audit use pending-review or needs-review. After audit set correct or incorrect.,
HPC,HPC-108928,https://jira-sd.mc1.oracleiaas.com/browse/HPC-108928,AGA | 2543XK1097 | Meta CPV Validation Analysis,Resolved,2026-02-11,4,FALSE,uncategorized,unknown,,none,,needs-review,Before audit use pending-review or needs-review. After audit set correct or incorrect.,
HPC,HPC-108929,https://jira-sd.mc1.oracleiaas.com/browse/HPC-108929,AGA | 2543XK10FH | Meta CPV Validation Analysis,Resolved,2026-02-11,4,FALSE,uncategorized,unknown,,none,,needs-review,Before audit use pending-review or needs-review. After audit set correct or incorrect.,
HPC,HPC-108930,https://jira-sd.mc1.oracleiaas.com/browse/HPC-108930,AGA | 2544XK1032 | Meta CPV Validation Analysis,Resolved,2026-02-11,4,FALSE,uncategorized,unknown,,none,,needs-review,Before audit use pending-review or needs-review. After audit set correct or incorrect.,
HPC,HPC-108931,https://jira-sd.mc1.oracleiaas.com/browse/HPC-108931,AGA | 2544XK10DG | Meta CPV Validation Analysis,Resolved,2026-02-11,4,FALSE,uncategorized,unknown,,none,,needs-review,Before audit use pending-review or needs-review. After audit set correct or incorrect.,
HPC,HPC-108932,https://jira-sd.mc1.oracleiaas.com/browse/HPC-108932,AGA | 2544XK10DJ | Meta CPV Validation Analysis,Resolved,2026-02-11,4,FALSE,uncategorized,unknown,,none,,needs-review,Before audit use pending-review or needs-review. After audit set correct or incorrect.,
HPC,HPC-108933,https://jira-sd.mc1.oracleiaas.com/browse/HPC-108933,AGA | 2544XK10DL | Meta CPV Validation Analysis,Resolved,2026-02-11,4,FALSE,uncategorized,unknown,,none,,needs-review,Before audit use pending-review or needs-review. After audit set correct or incorrect.,
HPC,HPC-108934,https://jira-sd.mc1.oracleiaas.com/browse/HPC-108934,AGA | 2544XK10F1 | Meta CPV Validation Analysis,Resolved,2026-02-11,4,FALSE,uncategorized,unknown,,none,,needs-review,Before audit use pending-review or needs-review. After audit set correct or incorrect.,
HPC,HPC-108935,https://jira-sd.mc1.oracleiaas.com/browse/HPC-108935,FYV | ad1 | CPV Job Failure | BM.GPU.MI355X.8 | health_check,Resolved,2026-02-11,4,FALSE,uncategorized,unknown,,none,,needs-review,Before audit use pending-review or needs-review. After audit set correct or incorrect.,
HPC,HPC-108936,https://jira-sd.mc1.oracleiaas.com/browse/HPC-108936,AGA | ad1 | CPV Job Failure | BM.GPU.MI355X.8 | rccl_2_host_multitest_pollara,Resolved,2026-02-11,4,FALSE,uncategorized,unknown,,none,,needs-review,Before audit use pending-review or needs-review. After audit set correct or incorrect.,
HPC,HPC-108937,https://jira-sd.mc1.oracleiaas.com/browse/HPC-108937,AGA | ad1 | CPV Job Failure | BM.GPU.MI355X.8 | rccl_4_host_multitest_pollara,Resolved,2026-02-11,4,FALSE,uncategorized,unknown,,none,,needs-review,Before audit use pending-review or needs-review. After audit set correct or incorrect.,
HPC,HPC-108942,https://jira-sd.mc1.oracleiaas.com/browse/HPC-108942,AGA | ad1 | CPV Job Failure | BM.GPU.MI355X.8 | health_check,Resolved,2026-02-11,4,FALSE,uncategorized,unknown,,none,,needs-review,Before audit use pending-review or needs-review. After audit set correct or incorrect.,
HPC,HPC-108943,https://jira-sd.mc1.oracleiaas.com/browse/HPC-108943,AGA | ad1 | CPV Job Failure | BM.GPU.MI355X.8 | rccl_2_host_multitest_pollara,Resolved,2026-02-11,4,FALSE,uncategorized,unknown,,none,,needs-review,Before audit use pending-review or needs-review. After audit set correct or incorrect.,
HPC,HPC-108946,https://jira-sd.mc1.oracleiaas.com/browse/HPC-108946,AGA | 2540XK10C6 | Meta CPV Validation Analysis,Resolved,2026-02-11,4,FALSE,uncategorized,unknown,,none,,needs-review,Before audit use pending-review or needs-review. After audit set correct or incorrect.,
HPC,HPC-108947,https://jira-sd.mc1.oracleiaas.com/browse/HPC-108947,AGA | 2543XK109F | Meta CPV Validation Analysis,Resolved,2026-02-11,4,FALSE,uncategorized,unknown,,none,,needs-review,Before audit use pending-review or needs-review. After audit set correct or incorrect.,
HPC,HPC-108949,https://jira-sd.mc1.oracleiaas.com/browse/HPC-108949,AGA | ad1 | CPV Job Failure | BM.GPU.MI355X.8 | miniHPL,Resolved,2026-02-11,4,FALSE,CPV CDFP Fault - Auto Resolved (TRS),CDFP,"R045,R047,R048,R049,R050,R046",rule,1.0,pending-review,Before audit use pending-review or needs-review. After audit set correct or incorrect.,
HPC,HPC-108950,https://jira-sd.mc1.oracleiaas.com/browse/HPC-108950,AGA | ad1 | CPV Job Timeout | BM.GPU.MI355X.8 | ib_write_bw_pair,Resolved,2026-02-11,4,FALSE,uncategorized,unknown,,none,,needs-review,Before audit use pending-review or needs-review. After audit set correct or incorrect.,
HPC,HPC-108951,https://jira-sd.mc1.oracleiaas.com/browse/HPC-108951,AGA | ad1 | CPV Job Timeout | BM.GPU.MI355X.8 | ib_write_bw_pair,Resolved,2026-02-11,4,FALSE,uncategorized,unknown,,none,,needs-review,Before audit use pending-review or needs-review. After audit set correct or incorrect.,
HPC,HPC-108960,https://jira-sd.mc1.oracleiaas.com/browse/HPC-108960,AGA | ad1 | CPV Job Timeout | BM.GPU.MI355X.8 | ib_write_bw_pair,Resolved,2026-02-11,4,FALSE,uncategorized,unknown,,none,,needs-review,Before audit use pending-review or needs-review. After audit set correct or incorrect.,
HPC,HPC-108961,https://jira-sd.mc1.oracleiaas.com/browse/HPC-108961,AGA | ad1 | CPV Job Timeout | BM.GPU.MI355X.8 | ib_write_bw_pair,Resolved,2026-02-11,4,FALSE,uncategorized,unknown,,none,,needs-review,Before audit use pending-review or needs-review. After audit set correct or incorrect.,
HPC,HPC-108962,https://jira-sd.mc1.oracleiaas.com/browse/HPC-108962,FYV | ad1 | CPV Job Failure | BM.GPU.MI355X.8 | agfhc_level_1_to_5,Resolved,2026-02-11,4,FALSE,uncategorized,unknown,,none,,needs-review,Before audit use pending-review or needs-review. After audit set correct or incorrect.,
HPC,HPC-108963,https://jira-sd.mc1.oracleiaas.com/browse/HPC-108963,AGA | ad1 | CPV Job Timeout | BM.GPU.MI355X.8 | ib_write_bw_pair,Resolved,2026-02-11,4,FALSE,uncategorized,unknown,,none,,needs-review,Before audit use pending-review or needs-review. After audit set correct or incorrect.,
HPC,HPC-108965,https://jira-sd.mc1.oracleiaas.com/browse/HPC-108965,FYV | ad1 | CPV Job Failure | BM.GPU.MI355X.8 | initial_setup,Resolved,2026-02-11,4,FALSE,uncategorized,unknown,,none,,needs-review,Before audit use pending-review or needs-review. After audit set correct or incorrect.,
HPC,HPC-108966,https://jira-sd.mc1.oracleiaas.com/browse/HPC-108966,FYV | ad1 | CPV Job Failure | BM.GPU.MI355X.8 | initial_setup,Resolved,2026-02-11,4,FALSE,uncategorized,unknown,,none,,needs-review,Before audit use pending-review or needs-review. After audit set correct or incorrect.,
HPC,HPC-108967,https://jira-sd.mc1.oracleiaas.com/browse/HPC-108967,AGA | ad1 | CPV Job Failure | BM.GPU.MI355X.8 | miniHPL,Resolved,2026-02-11,4,FALSE,CPV CDFP Fault - Auto Resolved (TRS),CDFP,"R045,R047,R048,R049,R050",rule,1.0,pending-review,Before audit use pending-review or needs-review. After audit set correct or incorrect.,
HPC,HPC-108976,https://jira-sd.mc1.oracleiaas.com/browse/HPC-108976,FYV | ad1 | CPV Job Timeout | BM.GPU.MI355X.8 | sunvts_burnin,Resolved,2026-02-11,4,FALSE,uncategorized,unknown,,none,,needs-review,Before audit use pending-review or needs-review. After audit set correct or incorrect.,
HPC,HPC-108978,https://jira-sd.mc1.oracleiaas.com/browse/HPC-108978,AGA | 2540XK10BK | Meta CPV Validation Analysis,Resolved,2026-02-11,4,FALSE,uncategorized,unknown,,none,,needs-review,Before audit use pending-review or needs-review. After audit set correct or incorrect.,
HPC,HPC-108979,https://jira-sd.mc1.oracleiaas.com/browse/HPC-108979,AGA | ad1 | CPV Job Timeout | BM.GPU.MI355X.8 | ib_write_bw_pair,Resolved,2026-02-11,4,FALSE,uncategorized,unknown,,none,,needs-review,Before audit use pending-review or needs-review. After audit set correct or incorrect.,
HPC,HPC-108980,https://jira-sd.mc1.oracleiaas.com/browse/HPC-108980,AGA | ad1 | CPV Job Timeout | BM.GPU.MI355X.8 | ib_write_bw_pair,Resolved,2026-02-11,4,FALSE,CPV CDFP Fault - Auto Resolved (TRS),CDFP,"R045,R047,R048,R049,R050",rule,1.0,pending-review,Before audit use pending-review or needs-review. After audit set correct or incorrect.,
HPC,HPC-108981,https://jira-sd.mc1.oracleiaas.com/browse/HPC-108981,AGA | ad1 | CPV Job Timeout | BM.GPU.MI355X.8 | agfhc_hbm_8h,Resolved,2026-02-11,4,FALSE,uncategorized,unknown,,none,,needs-review,Before audit use pending-review or needs-review. After audit set correct or incorrect.,
HPC,HPC-109008,https://jira-sd.mc1.oracleiaas.com/browse/HPC-109008,AGA | 2552XQ1025 | Meta CPV Validation Analysis,Resolved,2026-02-11,4,FALSE,uncategorized,unknown,,none,,needs-review,Before audit use pending-review or needs-review. After audit set correct or incorrect.,
HPC,HPC-109204,https://jira-sd.mc1.oracleiaas.com/browse/HPC-109204,AGA | 6408 | 2543XK10C5 | 2544XK10A3 | SUNVTS test failure,Resolved,2026-02-11,4,FALSE,uncategorized,unknown,,none,,needs-review,Before audit use pending-review or needs-review. After audit set correct or incorrect.,
HPC,HPC-109205,https://jira-sd.mc1.oracleiaas.com/browse/HPC-109205,AGA | ad1 | CPV Job Failure | BM.GPU.MI355X.8 | miniHPL,Resolved,2026-02-11,4,FALSE,CPV CDFP Fault - Auto Resolved (TRS),CDFP,"R045,R047,R048,R049,R050",rule,1.0,pending-review,Before audit use pending-review or needs-review. After audit set correct or incorrect.,
HPC,HPC-109305,https://jira-sd.mc1.oracleiaas.com/browse/HPC-109305,FYV | ad1 | CPV Job Failure | BM.GPU.MI355X.8 | health_check,Resolved,2026-02-11,4,FALSE,uncategorized,unknown,,none,,needs-review,Before audit use pending-review or needs-review. After audit set correct or incorrect.,
HPC,HPC-109327,https://jira-sd.mc1.oracleiaas.com/browse/HPC-109327,FYV | ad1 | CPV Job Failure | BM.GPU.MI355X.8 | health_check,Resolved,2026-02-11,4,FALSE,uncategorized,unknown,,none,,needs-review,Before audit use pending-review or needs-review. After audit set correct or incorrect.,
HPC,HPC-109329,https://jira-sd.mc1.oracleiaas.com/browse/HPC-109329,FYV | ad1 | CPV Job Failure | BM.GPU.MI355X.8 | health_check,Resolved,2026-02-11,4,FALSE,uncategorized,unknown,,none,,needs-review,Before audit use pending-review or needs-review. After audit set correct or incorrect.,
HPC,HPC-109332,https://jira-sd.mc1.oracleiaas.com/browse/HPC-109332,FYV | ad1 | CPV Job Failure | BM.GPU.MI355X.8 | health_check,Resolved,2026-02-11,4,FALSE,uncategorized,unknown,,none,,needs-review,Before audit use pending-review or needs-review. After audit set correct or incorrect.,
HPC,HPC-109342,https://jira-sd.mc1.oracleiaas.com/browse/HPC-109342,AGA | 2541XK104S | Meta CPV Validation Analysis,Resolved,2026-02-11,4,FALSE,uncategorized,unknown,,none,,needs-review,Before audit use pending-review or needs-review. After audit set correct or incorrect.,
HPC,HPC-109343,https://jira-sd.mc1.oracleiaas.com/browse/HPC-109343,AGA | 2541XK1092 | Meta CPV Validation Analysis,Resolved,2026-02-11,4,FALSE,uncategorized,unknown,,none,,needs-review,Before audit use pending-review or needs-review. After audit set correct or incorrect.,
HPC,HPC-109344,https://jira-sd.mc1.oracleiaas.com/browse/HPC-109344,AGA | 2552XQ103R | Meta CPV Validation Analysis,Resolved,2026-02-11,4,FALSE,uncategorized,unknown,,none,,needs-review,Before audit use pending-review or needs-review. After audit set correct or incorrect.,
HPC,HPC-109345,https://jira-sd.mc1.oracleiaas.com/browse/HPC-109345,AGA | 2552XQ10E0 | Meta CPV Validation Analysis,Resolved,2026-02-11,4,FALSE,uncategorized,unknown,,none,,needs-review,Before audit use pending-review or needs-review. After audit set correct or incorrect.,
HPC,HPC-109347,https://jira-sd.mc1.oracleiaas.com/browse/HPC-109347,FYV | 20005 | 2544XQ105Y | 2602XK10LD | SUNVTS test failure,Resolved,2026-02-11,4,FALSE,uncategorized,unknown,,none,,needs-review,Before audit use pending-review or needs-review. After audit set correct or incorrect.,
HPC,HPC-109354,https://jira-sd.mc1.oracleiaas.com/browse/HPC-109354,AGA | ad1 | CPV Job Timeout | BM.GPU.MI355X.8 | ib_write_bw_pair,Resolved,2026-02-11,4,FALSE,CPV CDFP Fault - Auto Resolved (TRS),CDFP,"R045,R047,R048,R049,R050",rule,1.0,pending-review,Before audit use pending-review or needs-review. After audit set correct or incorrect.,
HPC,HPC-109355,https://jira-sd.mc1.oracleiaas.com/browse/HPC-109355,AGA | ad1 | CPV Job Timeout | BM.GPU.MI355X.8 | ib_write_bw_pair,Resolved,2026-02-11,4,FALSE,CPV CDFP Fault - Auto Resolved (TRS),CDFP,"R045,R047,R048,R049,R050",rule,1.0,pending-review,Before audit use pending-review or needs-review. After audit set correct or incorrect.,
HPC,HPC-109358,https://jira-sd.mc1.oracleiaas.com/browse/HPC-109358,AGA | 7816 | 2602XQ11JE | 2602XK10NP | SUNVTS test failure,Resolved,2026-02-11,4,FALSE,CPV CDFP Fault - Auto Resolved (TRS),CDFP,"R045,R047,R048,R049,R050",rule,1.0,pending-review,Before audit use pending-review or needs-review. After audit set correct or incorrect.,
HPC,HPC-109365,https://jira-sd.mc1.oracleiaas.com/browse/HPC-109365,AGA | ad1 | CPV Job Failure | BM.GPU.MI355X.8 | health_check,Resolved,2026-02-11,4,FALSE,uncategorized,unknown,,none,,needs-review,Before audit use pending-review or needs-review. After audit set correct or incorrect.,
HPC,HPC-109368,https://jira-sd.mc1.oracleiaas.com/browse/HPC-109368,FYV | ad1 | CPV Job Failure | BM.GPU.MI355X.8 | initial_setup,Resolved,2026-02-11,4,FALSE,uncategorized,unknown,,none,,needs-review,Before audit use pending-review or needs-review. After audit set correct or incorrect.,
HPC,HPC-109369,https://jira-sd.mc1.oracleiaas.com/browse/HPC-109369,AGA | ad1 | CPV Job Timeout | BM.GPU.MI355X.8 | ib_write_bw_pair,Resolved,2026-02-11,4,FALSE,uncategorized,unknown,,none,,needs-review,Before audit use pending-review or needs-review. After audit set correct or incorrect.,
HPC,HPC-109374,https://jira-sd.mc1.oracleiaas.com/browse/HPC-109374,AGA | ad1 | CPV Job Failure | BM.GPU.MI355X.8 | agfhc_hbm_8h,Resolved,2026-02-11,4,FALSE,uncategorized,unknown,,none,,needs-review,Before audit use pending-review or needs-review. After audit set correct or incorrect.,
HPC,HPC-109377,https://jira-sd.mc1.oracleiaas.com/browse/HPC-109377,AGA | ad1 | CPV Job Timeout | BM.GPU.MI355X.8 | ib_write_bw_pair,Resolved,2026-02-11,4,FALSE,uncategorized,unknown,,none,,needs-review,Before audit use pending-review or needs-review. After audit set correct or incorrect.,
HPC,HPC-109379,https://jira-sd.mc1.oracleiaas.com/browse/HPC-109379,AGA | 7842 | 2552XQ10FR | 2602XQ105M | SUNVTS test failure,Resolved,2026-02-11,4,FALSE,uncategorized,unknown,,none,,needs-review,Before audit use pending-review or needs-review. After audit set correct or incorrect.,
HPC,HPC-109380,https://jira-sd.mc1.oracleiaas.com/browse/HPC-109380,AGA | ad1 | CPV Job Timeout | BM.GPU.MI355X.8 | ib_write_bw_pair,Resolved,2026-02-11,4,FALSE,uncategorized,unknown,,none,,needs-review,Before audit use pending-review or needs-review. After audit set correct or incorrect.,
HPC,HPC-109382,https://jira-sd.mc1.oracleiaas.com/browse/HPC-109382,FYV | ad1 | CPV Job Timeout | BM.GPU.MI355X.8 | gpuburn_short,Resolved,2026-02-11,4,FALSE,uncategorized,unknown,,none,,needs-review,Before audit use pending-review or needs-review. After audit set correct or incorrect.,
HPC,HPC-109385,https://jira-sd.mc1.oracleiaas.com/browse/HPC-109385,AGA | ad1 | CPV Job Failure | BM.GPU.MI355X.8 | miniHPL,Resolved,2026-02-11,4,FALSE,Potential Test Issue - Retest Passed,Potential Test Issue,R046,rule,1.0,pending-review,Before audit use pending-review or needs-review. After audit set correct or incorrect.,
HPC,HPC-109390,https://jira-sd.mc1.oracleiaas.com/browse/HPC-109390,FYV | ad1 | CPV Job Failure | BM.GPU.MI355X.8 | initial_setup,Resolved,2026-02-11,4,FALSE,uncategorized,unknown,,none,,needs-review,Before audit use pending-review or needs-review. After audit set correct or incorrect.,
HPC,HPC-109391,https://jira-sd.mc1.oracleiaas.com/browse/HPC-109391,FYV | ad1 | CPV Job Failure | BM.GPU.MI355X.8 | health_check,Resolved,2026-02-11,4,FALSE,uncategorized,unknown,,none,,needs-review,Before audit use pending-review or needs-review. After audit set correct or incorrect.,
HPC,HPC-109392,https://jira-sd.mc1.oracleiaas.com/browse/HPC-109392,AGA | ad1 | CPV Job Timeout | BM.GPU.MI355X.8 | initial_setup,Resolved,2026-02-11,4,FALSE,uncategorized,unknown,,none,,needs-review,Before audit use pending-review or needs-review. After audit set correct or incorrect.,
HPC,HPC-109402,https://jira-sd.mc1.oracleiaas.com/browse/HPC-109402,AGA | 2539XK1009 | Meta CPV Validation Analysis,Resolved,2026-02-11,3,FALSE,uncategorized,unknown,,none,,needs-review,Before audit use pending-review or needs-review. After audit set correct or incorrect.,
HPC,HPC-109412,https://jira-sd.mc1.oracleiaas.com/browse/HPC-109412,FYV | ad1 | CPV Job Failure | BM.GPU.MI355X.8 | health_check,Resolved,2026-02-11,3,FALSE,uncategorized,unknown,,none,,needs-review,Before audit use pending-review or needs-review. After audit set correct or incorrect.,
HPC,HPC-109414,https://jira-sd.mc1.oracleiaas.com/browse/HPC-109414,FYV | ad1 | CPV Job Failure | BM.GPU.MI355X.8 | initial_setup,Resolved,2026-02-11,3,FALSE,CPV CDFP Fault - Auto Resolved (TRS),CDFP,"R045,R047,R048,R049,R050",rule,1.0,pending-review,Before audit use pending-review or needs-review. After audit set correct or incorrect.,
HPC,HPC-109417,https://jira-sd.mc1.oracleiaas.com/browse/HPC-109417,AGA | ad1 | CPV Job Timeout | BM.GPU.MI355X.8 | cable_validation,Resolved,2026-02-11,3,FALSE,uncategorized,unknown,,none,,needs-review,Before audit use pending-review or needs-review. After audit set correct or incorrect.,
HPC,HPC-109418,https://jira-sd.mc1.oracleiaas.com/browse/HPC-109418,AGA | ad1 | CPV Job Failure | BM.GPU.MI355X.8 | health_check,Resolved,2026-02-11,3,FALSE,uncategorized,unknown,,none,,needs-review,Before audit use pending-review or needs-review. After audit set correct or incorrect.,
HPC,HPC-109419,https://jira-sd.mc1.oracleiaas.com/browse/HPC-109419,AGA | ad1 | CPV Job Failure | BM.GPU.MI355X.8 | cable_validation,Resolved,2026-02-11,3,FALSE,uncategorized,unknown,,none,,needs-review,Before audit use pending-review or needs-review. After audit set correct or incorrect.,
HPC,HPC-109420,https://jira-sd.mc1.oracleiaas.com/browse/HPC-109420,AGA | ad1 | CPV Job Failure | BM.GPU.MI355X.8 | initial_setup,Resolved,2026-02-11,3,FALSE,uncategorized,unknown,,none,,needs-review,Before audit use pending-review or needs-review. After audit set correct or incorrect.,
HPC,HPC-109421,https://jira-sd.mc1.oracleiaas.com/browse/HPC-109421,FYV | ad1 | CPV Job Failure | BM.GPU.MI355X.8 | health_check,Resolved,2026-02-11,3,FALSE,uncategorized,unknown,,none,,needs-review,Before audit use pending-review or needs-review. After audit set correct or incorrect.,
HPC,HPC-109423,https://jira-sd.mc1.oracleiaas.com/browse/HPC-109423,AGA | ad1 | CPV Job Timeout | BM.GPU.MI355X.8 | ib_write_bw_pair,Resolved,2026-02-11,3,FALSE,uncategorized,unknown,,none,,needs-review,Before audit use pending-review or needs-review. After audit set correct or incorrect.,
HPC,HPC-109425,https://jira-sd.mc1.oracleiaas.com/browse/HPC-109425,FYV | ad1 | CPV Job Failure | BM.GPU.MI355X.8 | miniHPL,Resolved,2026-02-11,3,FALSE,uncategorized,unknown,,none,,needs-review,Before audit use pending-review or needs-review. After audit set correct or incorrect.,
HPC,HPC-109428,https://jira-sd.mc1.oracleiaas.com/browse/HPC-109428,AGA | 2543XK10D9 | Meta CPV Validation Analysis,Resolved,2026-02-11,3,FALSE,uncategorized,unknown,,none,,needs-review,Before audit use pending-review or needs-review. After audit set correct or incorrect.,
HPC,HPC-109429,https://jira-sd.mc1.oracleiaas.com/browse/HPC-109429,AGA | 2543XK10E1 | Meta CPV Validation Analysis,Resolved,2026-02-11,3,FALSE,uncategorized,unknown,,none,,needs-review,Before audit use pending-review or needs-review. After audit set correct or incorrect.,
HPC,HPC-109432,https://jira-sd.mc1.oracleiaas.com/browse/HPC-109432,FYV | ad1 | CPV Job Failure | BM.GPU.MI355X.8 | health_check,Resolved,2026-02-11,3,FALSE,uncategorized,unknown,,none,,needs-review,Before audit use pending-review or needs-review. After audit set correct or incorrect.,
HPC,HPC-109436,https://jira-sd.mc1.oracleiaas.com/browse/HPC-109436,FYV | ad1 | CPV Job Timeout | BM.GPU.MI355X.8 | ib_write_bw_pair,Resolved,2026-02-11,3,FALSE,uncategorized,unknown,,none,,needs-review,Before audit use pending-review or needs-review. After audit set correct or incorrect.,
HPC,HPC-109442,https://jira-sd.mc1.oracleiaas.com/browse/HPC-109442,AGA | ad1 | CPV Job Failure | BM.GPU.MI355X.8 | initial_setup,Resolved,2026-02-11,3,FALSE,CPV CDFP Fault - Auto Resolved (TRS),CDFP,"R045,R047,R048,R049,R050",rule,1.0,pending-review,Before audit use pending-review or needs-review. After audit set correct or incorrect.,
HPC,HPC-109444,https://jira-sd.mc1.oracleiaas.com/browse/HPC-109444,FYV | ad1 | CPV Job Failure | BM.GPU.MI355X.8 | miniHPL,Resolved,2026-02-11,3,FALSE,uncategorized,unknown,,none,,needs-review,Before audit use pending-review or needs-review. After audit set correct or incorrect.,
HPC,HPC-109447,https://jira-sd.mc1.oracleiaas.com/browse/HPC-109447,AGA | ad1 | CPV Job Timeout | BM.GPU.MI355X.8 | ib_write_bw_pair,Resolved,2026-02-11,3,FALSE,uncategorized,unknown,,none,,needs-review,Before audit use pending-review or needs-review. After audit set correct or incorrect.,
HPC,HPC-109448,https://jira-sd.mc1.oracleiaas.com/browse/HPC-109448,AGA | ad1 | CPV Job Failure | BM.GPU.MI355X.8 | agfhc_level_1_to_5,Resolved,2026-02-11,3,FALSE,uncategorized,unknown,,none,,needs-review,Before audit use pending-review or needs-review. After audit set correct or incorrect.,
HPC,HPC-109465,https://jira-sd.mc1.oracleiaas.com/browse/HPC-109465,AGA | ad1 | CPV Job Failure | BM.GPU.MI355X.8 | health_check,Resolved,2026-02-11,3,FALSE,uncategorized,unknown,,none,,needs-review,Before audit use pending-review or needs-review. After audit set correct or incorrect.,
HPC,HPC-109466,https://jira-sd.mc1.oracleiaas.com/browse/HPC-109466,AGA | ad1 | CPV Job Failure | BM.GPU.MI355X.8 | health_check,Resolved,2026-02-11,3,FALSE,uncategorized,unknown,,none,,needs-review,Before audit use pending-review or needs-review. After audit set correct or incorrect.,
HPC,HPC-109470,https://jira-sd.mc1.oracleiaas.com/browse/HPC-109470,AGA | ad1 | CPV Job Failure | BM.GPU.MI355X.8 | agfhc_level_1_to_5,Resolved,2026-02-11,3,FALSE,uncategorized,unknown,,none,,needs-review,Before audit use pending-review or needs-review. After audit set correct or incorrect.,
HPC,HPC-109471,https://jira-sd.mc1.oracleiaas.com/browse/HPC-109471,AGA | ad1 | CPV Job Failure | BM.GPU.MI355X.8 | initial_setup,Resolved,2026-02-11,3,FALSE,uncategorized,unknown,,none,,needs-review,Before audit use pending-review or needs-review. After audit set correct or incorrect.,
HPC,HPC-109472,https://jira-sd.mc1.oracleiaas.com/browse/HPC-109472,AGA | ad1 | CPV Job Timeout | BM.GPU.MI355X.8 | sunvts_burnin,Resolved,2026-02-11,3,FALSE,uncategorized,unknown,,none,,needs-review,Before audit use pending-review or needs-review. After audit set correct or incorrect.,
HPC,HPC-109475,https://jira-sd.mc1.oracleiaas.com/browse/HPC-109475,FYV | ad1 | CPV Job Failure | BM.GPU.MI355X.8 | miniHPL,Resolved,2026-02-11,3,FALSE,uncategorized,unknown,,none,,needs-review,Before audit use pending-review or needs-review. After audit set correct or incorrect.,
HPC,HPC-109479,https://jira-sd.mc1.oracleiaas.com/browse/HPC-109479,AGA | ad1 | CPV Job Timeout | BM.GPU.MI355X.8 | ib_write_bw_pair,Resolved,2026-02-11,3,FALSE,uncategorized,unknown,,none,,needs-review,Before audit use pending-review or needs-review. After audit set correct or incorrect.,
HPC,HPC-109480,https://jira-sd.mc1.oracleiaas.com/browse/HPC-109480,AGA | ad1 | CPV Job Timeout | BM.GPU.MI355X.8 | ib_write_bw_pair,Resolved,2026-02-11,3,FALSE,uncategorized,unknown,,none,,needs-review,Before audit use pending-review or needs-review. After audit set correct or incorrect.,
HPC,HPC-109481,https://jira-sd.mc1.oracleiaas.com/browse/HPC-109481,AGA | ad1 | CPV Job Failure | BM.GPU.MI355X.8 | health_check,Resolved,2026-02-11,3,FALSE,CPV CDFP Fault - Auto Resolved (TRS),CDFP,"R045,R047,R048,R049,R050",rule,1.0,pending-review,Before audit use pending-review or needs-review. After audit set correct or incorrect.,
HPC,HPC-109482,https://jira-sd.mc1.oracleiaas.com/browse/HPC-109482,AGA | ad1 | CPV Job Timeout | BM.GPU.MI355X.8 | wait_for_wpa,Resolved,2026-02-11,3,FALSE,uncategorized,unknown,,none,,needs-review,Before audit use pending-review or needs-review. After audit set correct or incorrect.,
HPC,HPC-109483,https://jira-sd.mc1.oracleiaas.com/browse/HPC-109483,AGA | ad1 | CPV Job Timeout | BM.GPU.MI355X.8 | wait_for_wpa,Resolved,2026-02-11,3,FALSE,uncategorized,unknown,,none,,needs-review,Before audit use pending-review or needs-review. After audit set correct or incorrect.,
HPC,HPC-109537,https://jira-sd.mc1.oracleiaas.com/browse/HPC-109537,AGA | ad1 | CPV Job Failure | BM.GPU.MI355X.8 | initial_setup,Resolved,2026-02-11,3,FALSE,uncategorized,unknown,,none,,needs-review,Before audit use pending-review or needs-review. After audit set correct or incorrect.,
HPC,HPC-109543,https://jira-sd.mc1.oracleiaas.com/browse/HPC-109543,AGA | ad1 | CPV Job Failure | BM.GPU.MI355X.8 | agfhc_level_1_to_5,Resolved,2026-02-11,3,FALSE,uncategorized,unknown,,none,,needs-review,Before audit use pending-review or needs-review. After audit set correct or incorrect.,
HPC,HPC-109545,https://jira-sd.mc1.oracleiaas.com/browse/HPC-109545,FYV | ad1 | CPV Job Timeout | BM.GPU.MI355X.8 | sunvts_burnin,Resolved,2026-02-11,3,FALSE,uncategorized,unknown,,none,,needs-review,Before audit use pending-review or needs-review. After audit set correct or incorrect.,
HPC,HPC-109547,https://jira-sd.mc1.oracleiaas.com/browse/HPC-109547,AGA | 6408 | 2543XK10C5 | 2544XK10A3 | SUNVTS test failure,Resolved,2026-02-11,3,FALSE,uncategorized,unknown,,none,,needs-review,Before audit use pending-review or needs-review. After audit set correct or incorrect.,
HPC,HPC-109550,https://jira-sd.mc1.oracleiaas.com/browse/HPC-109550,FYV | ad1 | CPV Job Timeout | BM.GPU.MI355X.8 | ib_write_bw_pair,Resolved,2026-02-11,3,FALSE,CPV CDFP Fault - Auto Resolved (TRS),CDFP,"R045,R047,R048,R049,R050",rule,1.0,pending-review,Before audit use pending-review or needs-review. After audit set correct or incorrect.,
HPC,HPC-109555,https://jira-sd.mc1.oracleiaas.com/browse/HPC-109555,FYV | ad1 | CPV Job Timeout | BM.GPU.MI355X.8 | ib_write_bw_pair,Resolved,2026-02-11,3,FALSE,uncategorized,unknown,,none,,needs-review,Before audit use pending-review or needs-review. After audit set correct or incorrect.,
HPC,HPC-109558,https://jira-sd.mc1.oracleiaas.com/browse/HPC-109558,FYV | ad1 | CPV Job Failure | BM.GPU.MI355X.8 | health_check,Resolved,2026-02-11,3,FALSE,uncategorized,unknown,,none,,needs-review,Before audit use pending-review or needs-review. After audit set correct or incorrect.,
